,inhibitor_combination,cell_line,tissue,pd_combination,exp_synergy,pred_synergy,exp_binary,pred_binary,confusion_matrix_value
0,AKTi + EGFRi,C2BBE1,,,16.4907216695,0.5155952556435308,True,True,True Positive
1,AKTi + EGFRi,CAR1,,PD_03-PD_11,19.9830383975,0.6246068954467774,True,True,True Positive
2,AKTi + EGFRi,CL11,,,-0.8106205670000001,0.1200680324009486,False,True,False Positive
3,AKTi + EGFRi,HT115,,,8.94964371225,1.2234064139217111,True,True,True Positive
4,AKTi + EGFRi,LS123,,PD_03-PD_11,10.027924243,1.4359145061837302,True,True,True Positive
5,AKTi + EGFRi,NCIH508,,,15.9566272725,1.1694431230391578,True,True,True Positive
6,AKTi + EGFRi,NCIH716,,,11.542453616,0.5824018669409324,True,True,True Positive
7,AKTi + EGFRi,NCIH747,,,19.3234702225,0.288610045974319,True,True,True Positive
8,AKTi + EGFRi,SNU81,,,5.38504496625,0.6262077705586171,True,True,True Positive
9,AKTi + EGFRi,SW1116,,PD_03-PD_11,6.15828313425,0.9799556861401896,True,True,True Positive
10,AKTi + EGFRi,SW1417,,PD_03-PD_11,2.95936396775,0.3666292884725151,True,True,True Positive
11,AKTi + EGFRi,SW1463,,PD_03-PD_11,10.36232480975,0.8801524098714194,True,True,True Positive
12,AKTi + EGFRi,SW620,,PD_03-PD_11,-3.548650943,0.468207275166231,False,True,False Positive
13,AKTi + EGFRi,SW837,,PD_03-PD_11,13.92253053,-0.0,True,False,False Negative
14,AKTi + EGFRi,SW948,,PD_03-PD_11,16.60214235125,1.1745349693384606,True,True,True Positive
15,AKTi + EGFRi,T84,,PD_03-PD_11,16.6542626725,0.5676020894731794,True,True,True Positive
16,AKTi + PIK3_MTORi,C2BBE1,,,4.609794806,0.0422850472586495,True,True,True Positive
17,AKTi + PIK3_MTORi,CAR1,,PD_02-PD_03,8.5253712665,0.0011905125209263,True,True,True Positive
18,AKTi + PIK3_MTORi,CL11,,,-1.1932711979999997,0.0174771161146567,False,True,False Positive
19,AKTi + PIK3_MTORi,HT115,,,9.505322311,0.0030864433006003,True,True,True Positive
20,AKTi + PIK3_MTORi,LS123,,PD_02-PD_03,9.202045125,0.0104166666666665,True,True,True Positive
21,AKTi + PIK3_MTORi,NCIH508,,,4.5183372245,0.0077778116861979,True,True,True Positive
22,AKTi + PIK3_MTORi,NCIH716,,,9.11054762,0.0331615172710615,True,True,True Positive
23,AKTi + PIK3_MTORi,NCIH747,,,7.597240218,0.0105747617524245,True,True,True Positive
24,AKTi + PIK3_MTORi,SNU81,,,5.048071329,0.0024691923165026,True,True,True Positive
25,AKTi + PIK3_MTORi,SW1116,,PD_02-PD_03,-7.2567583935,0.0104166666666665,False,True,False Positive
26,AKTi + PIK3_MTORi,SW1417,,PD_02-PD_03,-1.0032821105,0.0157079504640311,False,True,False Positive
27,AKTi + PIK3_MTORi,SW1463,,PD_02-PD_03,-1.718900594,0.0307744750976561,False,True,False Positive
28,AKTi + PIK3_MTORi,SW620,,PD_02-PD_03,-1.291580318,-0.0,False,False,True Negative
29,AKTi + PIK3_MTORi,SW837,,PD_02-PD_03,10.561930754999999,1.0380128623310725e-07,True,False,False Negative
30,AKTi + PIK3_MTORi,SW948,,PD_02-PD_03,12.889358510000001,0.0187996252259212,True,True,True Positive
31,AKTi + PIK3_MTORi,T84,,PD_02-PD_03,11.5079200075,0.0224137931034482,True,True,True Positive
32,AKTi + mTORi,C2BBE1,,,12.71079023,0.0422850472586495,True,True,True Positive
33,AKTi + mTORi,CAR1,,PD_08-PD_03,12.85622951,0.0011905125209263,True,True,True Positive
34,AKTi + mTORi,CL11,,,4.02573741275,0.0293427588234485,True,True,True Positive
35,AKTi + mTORi,HT115,,,9.76865325675,0.0030864433006003,True,True,True Positive
36,AKTi + mTORi,LS123,,PD_08-PD_03,12.045517404249999,0.0104167726304795,True,True,True Positive
37,AKTi + mTORi,NCIH508,,,7.80320648,0.0077778116861979,True,True,True Positive
38,AKTi + mTORi,NCIH716,,,14.338623805,0.0331615172710615,True,True,True Positive
39,AKTi + mTORi,NCIH747,,,12.8311205425,0.0137931034482756,True,True,True Positive
40,AKTi + mTORi,SNU81,,,9.660598383,0.0024691923165026,True,True,True Positive
41,AKTi + mTORi,SW1116,,PD_08-PD_03,-8.255631245250001,0.0104166666666665,False,True,False Positive
42,AKTi + mTORi,SW1417,,PD_08-PD_03,1.1845177735,0.0157079504640311,True,True,True Positive
43,AKTi + mTORi,SW1463,,PD_08-PD_03,-2.36625470225,0.036,False,True,False Positive
44,AKTi + mTORi,SW620,,PD_08-PD_03,3.281663275,0.0558753802621965,True,True,True Positive
45,AKTi + mTORi,SW837,,PD_08-PD_03,5.042844699,1.0380128623310725e-07,True,False,False Negative
46,AKTi + mTORi,SW948,,PD_08-PD_03,14.5594933375,0.0187996252259212,True,True,True Positive
47,AKTi + mTORi,T84,,PD_08-PD_03,2.3512421462499997,0.0229885759024786,True,True,True Positive
48,BCL2L1i + PIK3_MTORi,C2BBE1,,,-4.972144182,0.3498259726338002,False,True,False Positive
49,BCL2L1i + PIK3_MTORi,CAR1,,PD_02-PD_13,16.92049151,0.2915522257486979,True,True,True Positive
50,BCL2L1i + PIK3_MTORi,CL11,,,-22.37896751,0.4523570709944891,False,True,False Positive
51,BCL2L1i + PIK3_MTORi,HT115,,,-13.69606644,0.7192918539047242,False,True,False Positive
52,BCL2L1i + PIK3_MTORi,LS123,,PD_02-PD_13,23.22242042,0.4927715022814328,True,True,True Positive
53,BCL2L1i + PIK3_MTORi,NCIH508,,,25.28721176,0.3743087259928385,True,True,True Positive
54,BCL2L1i + PIK3_MTORi,NCIH716,,,33.77740792,0.7038121580846102,True,True,True Positive
55,BCL2L1i + PIK3_MTORi,NCIH747,,,8.326031374,0.4930724326065088,True,True,True Positive
56,BCL2L1i + PIK3_MTORi,SNU81,,,19.78773505,0.4897518114539665,True,True,True Positive
57,BCL2L1i + PIK3_MTORi,SW1116,,PD_02-PD_13,8.475028182,0.3302363459269205,True,True,True Positive
58,BCL2L1i + PIK3_MTORi,SW1417,,PD_02-PD_13,11.42991004,0.2126216634114583,True,True,True Positive
59,BCL2L1i + PIK3_MTORi,SW1463,,PD_02-PD_13,14.13848859,0.5266407325940254,True,True,True Positive
60,BCL2L1i + PIK3_MTORi,SW620,,PD_02-PD_13,5.716612568,0.4911036323529067,True,True,True Positive
61,BCL2L1i + PIK3_MTORi,SW837,,PD_02-PD_13,27.28772275,0.3262969513977465,True,True,True Positive
62,BCL2L1i + PIK3_MTORi,SW948,,PD_02-PD_13,21.35125509,0.3008663443276159,True,True,True Positive
63,BCL2L1i + PIK3_MTORi,T84,,PD_02-PD_13,32.17602391,0.5480733568915006,True,True,True Positive
64,BCL2L1i + mTORi,C2BBE1,,,-7.387980791,0.1189630635579426,False,True,False Positive
65,BCL2L1i + mTORi,CAR1,,PD_08-PD_13,13.538218035,0.0513612365722656,True,True,True Positive
66,BCL2L1i + mTORi,CL11,,,-9.128691355,0.1834502156575521,False,True,False Positive
67,BCL2L1i + mTORi,HT115,,,-5.208941599,0.2368808095048113,False,True,False Positive
68,BCL2L1i + mTORi,LS123,,PD_08-PD_13,19.822702399999997,0.141242218017578,True,True,True Positive
69,BCL2L1i + mTORi,NCIH508,,,25.98261556,0.054355977376302,True,True,True Positive
70,BCL2L1i + mTORi,NCIH716,,,31.430383435,0.3335866248089334,True,True,True Positive
71,BCL2L1i + mTORi,NCIH747,,,9.543255796,0.195251578857968,True,True,True Positive
72,BCL2L1i + mTORi,SNU81,,,17.061497635000002,0.2085974826942496,True,True,True Positive
73,BCL2L1i + mTORi,SW1116,,PD_08-PD_13,3.6934716610000002,0.0516288757324219,True,True,True Positive
74,BCL2L1i + mTORi,SW1417,,PD_08-PD_13,2.7079160245,0.045823974609375,True,True,True Positive
75,BCL2L1i + mTORi,SW1463,,PD_08-PD_13,5.76546046,0.1281560610613344,True,True,True Positive
76,BCL2L1i + mTORi,SW620,,PD_08-PD_13,2.096301594,0.1550079345703124,True,True,True Positive
77,BCL2L1i + mTORi,SW837,,PD_08-PD_13,20.758358684999997,0.0601567077636718,True,True,True Positive
78,BCL2L1i + mTORi,SW948,,PD_08-PD_13,22.760947115,0.0758290567203444,True,True,True Positive
79,BCL2L1i + mTORi,T84,,PD_08-PD_13,24.523324345,0.1576746622721354,True,True,True Positive
80,BCL2i + PIK3_MTORi,C2BBE1,,,6.750379424,0.3724392594962284,True,True,True Positive
81,BCL2i + PIK3_MTORi,CAR1,,PD_02-PD_15,7.638347624,0.3808249119349887,True,True,True Positive
82,BCL2i + PIK3_MTORi,CL11,,,4.631934152,0.3691957500618948,True,True,True Positive
83,BCL2i + PIK3_MTORi,HT115,,,7.393244163,0.586241015681514,True,True,True Positive
84,BCL2i + PIK3_MTORi,LS123,,PD_02-PD_15,16.81648568,0.536789358478703,True,True,True Positive
85,BCL2i + PIK3_MTORi,NCIH508,,,8.243421949,0.3931631469726564,True,True,True Positive
86,BCL2i + PIK3_MTORi,NCIH716,,,7.913572326,0.5654427982071071,True,True,True Positive
87,BCL2i + PIK3_MTORi,NCIH747,,,8.162864264,0.6049685248013201,True,True,True Positive
88,BCL2i + PIK3_MTORi,SNU81,,,9.28287095,0.4973071958960555,True,True,True Positive
89,BCL2i + PIK3_MTORi,SW1116,,PD_02-PD_15,6.539612098,0.3330910068088109,True,True,True Positive
90,BCL2i + PIK3_MTORi,SW1417,,PD_02-PD_15,6.880009383,0.3095714546903401,True,True,True Positive
91,BCL2i + PIK3_MTORi,SW1463,,PD_02-PD_15,13.34712262,0.6043714552659255,True,True,True Positive
92,BCL2i + PIK3_MTORi,SW620,,PD_02-PD_15,-0.578742324,0.4702807639142592,False,True,False Positive
93,BCL2i + PIK3_MTORi,SW837,,PD_02-PD_15,10.53341113,0.3939395141601562,True,True,True Positive
94,BCL2i + PIK3_MTORi,SW948,,PD_02-PD_15,5.562877154,0.3856764319880092,True,True,True Positive
95,BCL2i + PIK3_MTORi,T84,,PD_02-PD_15,6.940772205,0.5124712187668372,True,True,True Positive
96,BCL2i + mTORi,C2BBE1,,,14.38103885,0.1503380330403647,True,True,True Positive
97,BCL2i + mTORi,CAR1,,PD_08-PD_15,13.645030675000001,0.1014761352539062,True,True,True Positive
98,BCL2i + mTORi,CL11,,,7.868694732,0.2537723795572917,True,True,True Positive
99,BCL2i + mTORi,HT115,,,14.049531052999999,0.3275330979261941,True,True,True Positive
100,BCL2i + mTORi,LS123,,PD_08-PD_15,12.384910954999999,0.1903104654947915,True,True,True Positive
101,BCL2i + mTORi,NCIH508,,,14.690705885,0.0720529174804689,True,True,True Positive
102,BCL2i + mTORi,NCIH716,,,20.055821245,0.4019868668265964,True,True,True Positive
103,BCL2i + mTORi,NCIH747,,,18.92189648,0.2253297932942708,True,True,True Positive
104,BCL2i + mTORi,SNU81,,,12.64631466,0.3179512075826423,True,True,True Positive
105,BCL2i + mTORi,SW1116,,PD_08-PD_15,3.3007072295,0.0899953206380208,True,True,True Positive
106,BCL2i + mTORi,SW1417,,PD_08-PD_15,-0.6049574545,0.1440396118164062,False,True,False Positive
107,BCL2i + mTORi,SW1463,,PD_08-PD_15,8.7021099,0.1228844105113635,True,True,True Positive
108,BCL2i + mTORi,SW620,,PD_08-PD_15,2.051520112,0.229072062174479,True,True,True Positive
109,BCL2i + mTORi,SW837,,PD_08-PD_15,5.5618015915,0.1157481892903646,True,True,True Positive
110,BCL2i + mTORi,SW948,,PD_08-PD_15,0.36249013099999994,0.1166323748737776,True,True,True Positive
111,BCL2i + mTORi,T84,,PD_08-PD_15,8.3111998115,0.2314894612630207,True,True,True Positive
112,CHEKi + CyclinDi,C2BBE1,,,-2.6079104795,0.0056565658251444,False,True,False Positive
113,CHEKi + CyclinDi,CAR1,,PD_18-PD_16,-20.631498625,0.024041513800621,False,True,False Positive
114,CHEKi + CyclinDi,CL11,,,-0.36178393200000003,0.0233333333333333,False,True,False Positive
115,CHEKi + CyclinDi,HT115,,,-7.2248436595,0.0244074084361394,False,True,False Positive
116,CHEKi + CyclinDi,LS123,,PD_18-PD_16,1.2468893900000002,0.0423333326975504,True,True,True Positive
117,CHEKi + CyclinDi,NCIH508,,,-11.282304204999999,0.0258333333333333,False,True,False Positive
118,CHEKi + CyclinDi,NCIH716,,,-5.5364712025000005,-0.0,False,False,True Negative
119,CHEKi + CyclinDi,NCIH747,,,-10.472349279500001,0.0016666666666666,False,True,False Positive
120,CHEKi + CyclinDi,SNU81,,,-2.1816518400000002,0.0310455965969119,False,True,False Positive
121,CHEKi + CyclinDi,SW1116,,PD_18-PD_16,-5.0584001259999996,-0.0,False,False,True Negative
122,CHEKi + CyclinDi,SW1417,,PD_18-PD_16,-7.8991089705,0.0166706349452336,False,True,False Positive
123,CHEKi + CyclinDi,SW1463,,PD_18-PD_16,-12.168861675,0.023015874226888,False,True,False Positive
124,CHEKi + CyclinDi,SW620,,PD_18-PD_16,-4.489024961,0.0166666666666666,False,True,False Positive
125,CHEKi + CyclinDi,SW837,,PD_18-PD_16,-7.440663413,0.0166666666666666,False,True,False Positive
126,CHEKi + CyclinDi,SW948,,PD_18-PD_16,-7.5941809075,0.0128611127535502,False,True,False Positive
127,CHEKi + CyclinDi,T84,,PD_18-PD_16,22.05579749,-0.0,True,False,False Negative
128,CHEKi + MAPKi,C2BBE1,,,-0.365021683,0.0157407633463539,False,True,False Positive
129,CHEKi + MAPKi,CAR1,,PD_18-PD_17,7.2831322620000005,0.0279443359375,True,True,True Positive
130,CHEKi + MAPKi,CL11,,,-6.86050313,0.0133333333333334,False,True,False Positive
131,CHEKi + MAPKi,HT115,,,-12.6523727875,0.0457621256510416,False,True,False Positive
132,CHEKi + MAPKi,LS123,,PD_18-PD_17,16.2446996225,0.0296818033854167,True,True,True Positive
133,CHEKi + MAPKi,NCIH508,,,3.307244679,0.0696667480468751,True,True,True Positive
134,CHEKi + MAPKi,NCIH716,,,-2.005564109,0.0122220865885416,False,True,False Positive
135,CHEKi + MAPKi,NCIH747,,,-6.9161649565,0.0047220865885417,False,True,False Positive
136,CHEKi + MAPKi,SNU81,,,4.2992307975,0.0140476481119793,True,True,True Positive
137,CHEKi + MAPKi,SW1116,,PD_18-PD_17,-5.9612320685,0.0237327067057291,False,True,False Positive
138,CHEKi + MAPKi,SW1417,,PD_18-PD_17,-6.5882549225,0.0337778727213542,False,True,False Positive
139,CHEKi + MAPKi,SW1463,,PD_18-PD_17,-12.928365705000001,0.0245554606119791,False,True,False Positive
140,CHEKi + MAPKi,SW620,,PD_18-PD_17,-18.489832085,-0.0,False,False,True Negative
141,CHEKi + MAPKi,SW837,,PD_18-PD_17,-0.8409643330000001,0.0128086344401041,False,True,False Positive
142,CHEKi + MAPKi,SW948,,PD_18-PD_17,4.571266716,0.0246866861979166,True,True,True Positive
143,CHEKi + MAPKi,T84,,PD_18-PD_17,26.63705958,-0.0,True,False,False Negative
144,CHEKi + PARPi,C2BBE1,,,-8.014551702,-0.0,False,False,True Negative
145,CHEKi + PARPi,CAR1,,PD_18-PD_14,0.6254743005000001,-0.0,True,False,False Negative
146,CHEKi + PARPi,CL11,,,-7.36515097625,-0.0,False,False,True Negative
147,CHEKi + PARPi,HT115,,,-5.66481161225,-0.0,False,False,True Negative
148,CHEKi + PARPi,LS123,,PD_18-PD_14,3.657640209,-0.0,True,False,False Negative
149,CHEKi + PARPi,NCIH508,,,-2.1754500775,-0.0,False,False,True Negative
150,CHEKi + PARPi,NCIH716,,,-10.706961034999999,-0.0,False,False,True Negative
151,CHEKi + PARPi,NCIH747,,,-0.6839183115,-0.0,False,False,True Negative
152,CHEKi + PARPi,SNU81,,,2.84026618375,-0.0,True,False,False Negative
153,CHEKi + PARPi,SW1116,,PD_18-PD_14,-25.85536358,-0.0,False,False,True Negative
154,CHEKi + PARPi,SW1417,,PD_18-PD_14,-8.21172601775,-0.0,False,False,True Negative
155,CHEKi + PARPi,SW1463,,PD_18-PD_14,-38.325343865,-0.0,False,False,True Negative
156,CHEKi + PARPi,SW620,,PD_18-PD_14,2.97575629325,-0.0,True,False,False Negative
157,CHEKi + PARPi,SW837,,PD_18-PD_14,-1.19677615975,-0.0,False,False,True Negative
158,CHEKi + PARPi,SW948,,PD_18-PD_14,-7.03361257475,-0.0,False,False,True Negative
159,CHEKi + PARPi,T84,,PD_18-PD_14,9.43386438925,-0.0,True,False,False Negative
160,CHEKi + Wee1i,C2BBE1,,,3.9159152835,0.0041933186848956,True,True,True Positive
161,CHEKi + Wee1i,CAR1,,PD_18-PD_12,25.404989665,0.0111110432942707,True,True,True Positive
162,CHEKi + Wee1i,CL11,,,5.1054943535,-0.0,True,False,False Negative
163,CHEKi + Wee1i,HT115,,,-2.768361424,0.0104443359374999,False,True,False Positive
164,CHEKi + Wee1i,LS123,,PD_18-PD_12,23.203227495,0.0020833333333334,True,True,True Positive
165,CHEKi + Wee1i,NCIH508,,,20.09398737,0.0012223307291665,True,True,True Positive
166,CHEKi + Wee1i,NCIH716,,,15.215913645,-0.0,True,False,False Negative
167,CHEKi + Wee1i,NCIH747,,,3.2486887584999997,-0.0,True,False,False Negative
168,CHEKi + Wee1i,SNU81,,,17.03254425,-0.0,True,False,False Negative
169,CHEKi + Wee1i,SW1116,,PD_18-PD_12,-16.495487015,-0.0,False,False,True Negative
170,CHEKi + Wee1i,SW1417,,PD_18-PD_12,-5.866927039,-0.0,False,False,True Negative
171,CHEKi + Wee1i,SW1463,,PD_18-PD_12,-7.1918319754999995,-0.0,False,False,True Negative
172,CHEKi + Wee1i,SW620,,PD_18-PD_12,13.491195065,-0.0,True,False,False Negative
173,CHEKi + Wee1i,SW837,,PD_18-PD_12,6.6433664624999995,0.0075,True,True,True Positive
174,CHEKi + Wee1i,SW948,,PD_18-PD_12,12.951463440000001,0.0046429443359374,True,True,True Positive
175,CHEKi + Wee1i,T84,,PD_18-PD_12,37.07855477,0.0066666666666668,True,True,True Positive
176,CyclinDi + PIK3_MTORi,C2BBE1,,,-1.366015714,0.2480610288422683,False,True,False Positive
177,CyclinDi + PIK3_MTORi,CAR1,,PD_02-PD_16,5.123659208,0.23437925301847,True,True,True Positive
178,CyclinDi + PIK3_MTORi,CL11,,,-1.567140227,0.4253891689676634,False,True,False Positive
179,CyclinDi + PIK3_MTORi,HT115,,,-8.607893466,0.5784691410719811,False,True,False Positive
180,CyclinDi + PIK3_MTORi,LS123,,PD_02-PD_16,-0.977657128,0.378108847631167,False,True,False Positive
181,CyclinDi + PIK3_MTORi,NCIH508,,,2.202388616,0.2628571573893229,True,True,True Positive
182,CyclinDi + PIK3_MTORi,NCIH716,,,-3.541904063,0.4380414710854584,False,True,False Positive
183,CyclinDi + PIK3_MTORi,NCIH747,,,-1.990159784,0.3811643940128692,False,True,False Positive
184,CyclinDi + PIK3_MTORi,SNU81,,,-1.3300907,0.4141023433666387,False,True,False Positive
185,CyclinDi + PIK3_MTORi,SW1116,,PD_02-PD_16,-1.497618885,0.2726967551491477,False,True,False Positive
186,CyclinDi + PIK3_MTORi,SW1417,,PD_02-PD_16,1.230634626,0.1934735149145126,True,True,True Positive
187,CyclinDi + PIK3_MTORi,SW1463,,PD_02-PD_16,1.6313249,0.4308382298396184,True,True,True Positive
188,CyclinDi + PIK3_MTORi,SW620,,PD_02-PD_16,0.686716074,0.567206183783442,True,True,True Positive
189,CyclinDi + PIK3_MTORi,SW837,,PD_02-PD_16,0.262354444,0.2697354271298363,True,True,True Positive
190,CyclinDi + PIK3_MTORi,SW948,,PD_02-PD_16,2.168639871,0.2711922102043594,True,True,True Positive
191,CyclinDi + PIK3_MTORi,T84,,PD_02-PD_16,6.621643111,0.4230459577187724,True,True,True Positive
192,CyclinDi + mTORi,C2BBE1,,,6.842835934,0.125780766805013,True,True,True Positive
193,CyclinDi + mTORi,CAR1,,PD_08-PD_16,6.497842155999999,0.1023744116226832,True,True,True Positive
194,CyclinDi + mTORi,CL11,,,0.22461027550000012,0.1898499552408854,True,True,True Positive
195,CyclinDi + mTORi,HT115,,,-1.5290650314999996,0.1937966169816692,False,True,False Positive
196,CyclinDi + mTORi,LS123,,PD_08-PD_16,-1.0958171435,0.1426770528157552,False,True,False Positive
197,CyclinDi + mTORi,NCIH508,,,14.13588017,0.0842965380350748,True,True,True Positive
198,CyclinDi + mTORi,NCIH716,,,11.552097896500001,0.2803058458411175,True,True,True Positive
199,CyclinDi + mTORi,NCIH747,,,4.5720109565,0.1311190541585286,True,True,True Positive
200,CyclinDi + mTORi,SNU81,,,0.45258225450000006,0.1874906624915396,True,True,True Positive
201,CyclinDi + mTORi,SW1116,,PD_08-PD_16,-4.0310568165000005,0.1093121719360351,False,True,False Positive
202,CyclinDi + mTORi,SW1417,,PD_08-PD_16,-3.900145652,0.0850238078832626,False,True,False Positive
203,CyclinDi + mTORi,SW1463,,PD_08-PD_16,-3.0391435639999997,0.1273023309240808,False,True,False Positive
204,CyclinDi + mTORi,SW620,,PD_08-PD_16,-0.6721005895,0.1415555572509765,False,True,False Positive
205,CyclinDi + mTORi,SW837,,PD_08-PD_16,-0.410762255,0.1034966150919596,False,True,False Positive
206,CyclinDi + mTORi,SW948,,PD_08-PD_16,2.4419954725,0.069771621681395,True,True,True Positive
207,CyclinDi + mTORi,T84,,PD_08-PD_16,6.4421262825,0.1417645517985026,True,True,True Positive
208,EGFRi + PIK3_MTORi,C2BBE1,,,6.5195681605,0.3689698142566899,True,True,True Positive
209,EGFRi + PIK3_MTORi,CAR1,,PD_02-PD_11,18.658228,0.5818332586073338,True,True,True Positive
210,EGFRi + PIK3_MTORi,CL11,,,-12.626909455,0.1200680324009486,False,True,False Positive
211,EGFRi + PIK3_MTORi,HT115,,,-2.331772482,1.2145980871143702,False,True,False Positive
212,EGFRi + PIK3_MTORi,LS123,,PD_02-PD_11,18.43449675,1.44727918028015,True,True,True Positive
213,EGFRi + PIK3_MTORi,NCIH508,,,7.116143676,1.1126339142898034,True,True,True Positive
214,EGFRi + PIK3_MTORi,NCIH716,,,2.6900849835,0.4667762375186562,True,True,True Positive
215,EGFRi + PIK3_MTORi,NCIH747,,,8.1803074565,0.288610045974319,True,True,True Positive
216,EGFRi + PIK3_MTORi,SNU81,,,1.2363611385,0.251887804142529,True,True,True Positive
217,EGFRi + PIK3_MTORi,SW1116,,PD_02-PD_11,7.3456089045,0.951839154974878,True,True,True Positive
218,EGFRi + PIK3_MTORi,SW1417,,PD_02-PD_11,4.7997193065,0.384063912942667,True,True,True Positive
219,EGFRi + PIK3_MTORi,SW1463,,PD_02-PD_11,9.1586282045,0.8134679185583237,True,True,True Positive
220,EGFRi + PIK3_MTORi,SW620,,PD_02-PD_11,-5.7043599469999995,0.468207275166231,False,True,False Positive
221,EGFRi + PIK3_MTORi,SW837,,PD_02-PD_11,14.4997525,-0.0,True,False,False Negative
222,EGFRi + PIK3_MTORi,SW948,,PD_02-PD_11,11.4345499695,1.089014768492631,True,True,True Positive
223,EGFRi + PIK3_MTORi,T84,,PD_02-PD_11,26.005174269999998,0.5676020894731794,True,True,True Positive
224,EGFRi + mTORi,C2BBE1,,,9.99377083575,0.1741833346772268,True,True,True Positive
225,EGFRi + mTORi,CAR1,,PD_08-PD_11,17.03358263,0.3609919281867939,True,True,True Positive
226,EGFRi + mTORi,CL11,,,-3.5926909780000003,-0.0,False,False,True Negative
227,EGFRi + mTORi,HT115,,,4.802082063499999,0.5264134437649179,True,True,True Positive
228,EGFRi + mTORi,LS123,,PD_08-PD_11,20.043239305,0.6686073083070971,True,True,True Positive
229,EGFRi + mTORi,NCIH508,,,6.2114123995,0.4629904429117837,True,True,True Positive
230,EGFRi + mTORi,NCIH716,,,7.58822940475,0.4818094784017264,True,True,True Positive
231,EGFRi + mTORi,NCIH747,,,10.7189676,-0.0,True,False,False Negative
232,EGFRi + mTORi,SNU81,,,1.8988293440000001,0.1428711754935128,True,True,True Positive
233,EGFRi + mTORi,SW1116,,PD_08-PD_11,-1.3402415965,0.3806653692783455,False,True,False Positive
234,EGFRi + mTORi,SW1417,,PD_08-PD_11,1.0350486297500003,0.243990703764416,True,True,True Positive
235,EGFRi + mTORi,SW1463,,PD_08-PD_11,-0.3468334790000005,0.6017311097198057,False,True,False Positive
236,EGFRi + mTORi,SW620,,PD_08-PD_11,-11.45620519775,-0.0,False,False,True Negative
237,EGFRi + mTORi,SW837,,PD_08-PD_11,4.58707616925,-0.0,True,False,False Negative
238,EGFRi + mTORi,SW948,,PD_08-PD_11,11.856119137250001,0.4315434540210126,True,True,True Positive
239,EGFRi + mTORi,T84,,PD_08-PD_11,17.691703082500002,-0.0,True,False,False Negative
240,ERKi + PIK3_MTORi,C2BBE1,,,4.667445162,0.7415911417074138,True,True,True Positive
241,ERKi + PIK3_MTORi,CAR1,,PD_02-PD_21,6.701518917,0.6685085617286572,True,True,True Positive
242,ERKi + PIK3_MTORi,CL11,,,12.76149961,0.8717391301715185,True,True,True Positive
243,ERKi + PIK3_MTORi,HT115,,,-6.384213319,0.8110673183865016,False,True,False Positive
244,ERKi + PIK3_MTORi,LS123,,PD_02-PD_21,5.327901919,0.8937621519881297,True,True,True Positive
245,ERKi + PIK3_MTORi,NCIH508,,,13.95298339,0.7851267231374547,True,True,True Positive
246,ERKi + PIK3_MTORi,NCIH716,,,10.78640251,0.9176672141065876,True,True,True Positive
247,ERKi + PIK3_MTORi,NCIH747,,,11.1011702,0.999271230567286,True,True,True Positive
248,ERKi + PIK3_MTORi,SNU81,,,1.447512106,0.7829179059780709,True,True,True Positive
249,ERKi + PIK3_MTORi,SW1116,,PD_02-PD_21,4.222305657,0.7232839346623076,True,True,True Positive
250,ERKi + PIK3_MTORi,SW1417,,PD_02-PD_21,9.035116033,0.7201950941348734,True,True,True Positive
251,ERKi + PIK3_MTORi,SW1463,,PD_02-PD_21,7.538900292,0.6720166080556016,True,True,True Positive
252,ERKi + PIK3_MTORi,SW620,,PD_02-PD_21,4.971321198,1.074070418224999,True,True,True Positive
253,ERKi + PIK3_MTORi,SW837,,PD_02-PD_21,5.664108703,0.8117305783872251,True,True,True Positive
254,ERKi + PIK3_MTORi,SW948,,PD_02-PD_21,15.52562719,0.8405706867781784,True,True,True Positive
255,ERKi + PIK3_MTORi,T84,,PD_02-PD_21,23.72198463,0.8515474825657658,True,True,True Positive
256,ERKi + mTORi,C2BBE1,,,11.061016555,0.2238047850993407,True,True,True Positive
257,ERKi + mTORi,CAR1,,PD_08-PD_21,10.0711310425,0.178289038616678,True,True,True Positive
258,ERKi + mTORi,CL11,,,19.0947002405,0.3443613785032241,True,True,True Positive
259,ERKi + mTORi,HT115,,,7.831521821000001,0.4189513921413291,True,True,True Positive
260,ERKi + mTORi,LS123,,PD_08-PD_21,8.8393922565,0.3537370627764697,True,True,True Positive
261,ERKi + mTORi,NCIH508,,,15.010983945,0.1144042703379755,True,True,True Positive
262,ERKi + mTORi,NCIH716,,,20.856486505,0.7359251827663845,True,True,True Positive
263,ERKi + mTORi,NCIH747,,,12.15747096,0.3576220424679944,True,True,True Positive
264,ERKi + mTORi,SNU81,,,3.1672612145,0.3966785218980576,True,True,True Positive
265,ERKi + mTORi,SW1116,,PD_08-PD_21,-0.9418669700000002,0.1836699820255889,False,True,False Positive
266,ERKi + mTORi,SW1417,,PD_08-PD_21,1.970513183,0.2854123284284933,True,True,True Positive
267,ERKi + mTORi,SW1463,,PD_08-PD_21,1.5562861000000001,0.2739763451975286,True,True,True Positive
268,ERKi + mTORi,SW620,,PD_08-PD_21,0.013649449999999952,0.3725208802484161,True,True,True Positive
269,ERKi + mTORi,SW837,,PD_08-PD_21,0.02680360050000008,0.2304504168475114,True,True,True Positive
270,ERKi + mTORi,SW948,,PD_08-PD_21,12.763443925,0.306181580420254,True,True,True Positive
271,ERKi + mTORi,T84,,PD_08-PD_21,29.867269505,0.2947046341058862,True,True,True Positive
