,drug_combination,cell_line,synergy
0,AZD7762 + Cisplatin,C2BBE1,1.0
1,AZD7762 + MK-1775,C2BBE1,1.0
2,Lapatinib + Crizotinib,C2BBE1,1.0
3,Lapatinib + Dabrafenib,C2BBE1,1.0
4,Lapatinib + LGK974,C2BBE1,0.0
5,Lapatinib + Linsitinib,C2BBE1,1.0
6,Lapatinib + MK-2206,C2BBE1,1.0
7,Lapatinib + Navitoclax,C2BBE1,1.0
8,Lapatinib + PD173074,C2BBE1,1.0
9,Lapatinib + Palbociclib,C2BBE1,0.0
10,Lapatinib + Pictilisib,C2BBE1,1.0
11,Lapatinib + Taselisib,C2BBE1,1.0
12,Lapatinib + Trametinib,C2BBE1,0.0
13,MK-1775 + Cisplatin,C2BBE1,1.0
14,MK-1775 + Nutlin-3a (-),C2BBE1,0.0
15,MK-1775 + Pictilisib,C2BBE1,1.0
16,MK-2206 + OSI-027,C2BBE1,1.0
17,Navitoclax + Afatinib,C2BBE1,1.0
18,Navitoclax + Axitinib,C2BBE1,0.0
19,Navitoclax + Taselisib,C2BBE1,1.0
20,Navitoclax + Trametinib,C2BBE1,1.0
21,Nilotinib + Trametinib,C2BBE1,1.0
22,Olaparib + MK-1775,C2BBE1,0.0
23,Taselisib + Afatinib,C2BBE1,1.0
24,Taselisib + LGK974,C2BBE1,0.0
25,Taselisib + Linsitinib,C2BBE1,1.0
26,Taselisib + MK-2206,C2BBE1,0.0
27,Taselisib + Navitoclax,C2BBE1,1.0
28,Taselisib + OSI-027,C2BBE1,0.0
29,Taselisib + Olaparib,C2BBE1,1.0
30,Taselisib + Palbociclib,C2BBE1,1.0
31,Taselisib + Sapitinib,C2BBE1,1.0
32,Taselisib + Trametinib,C2BBE1,1.0
33,Trametinib + Afatinib,C2BBE1,0.0
34,Trametinib + LGK974,C2BBE1,0.0
35,Trametinib + Linsitinib,C2BBE1,1.0
36,Trametinib + MK-2206,C2BBE1,1.0
37,Trametinib + Navitoclax,C2BBE1,1.0
38,Trametinib + Olaparib,C2BBE1,1.0
39,Trametinib + Palbociclib,C2BBE1,0.0
40,Trametinib + Pictilisib,C2BBE1,1.0
41,Trametinib + SCH772984,C2BBE1,1.0
42,Trametinib + Taselisib,C2BBE1,1.0
43,AZD7762 + Cisplatin,CAR1,1.0
44,AZD7762 + MK-1775,CAR1,1.0
45,Lapatinib + Crizotinib,CAR1,1.0
46,Lapatinib + Dabrafenib,CAR1,1.0
47,Lapatinib + LGK974,CAR1,0.0
48,Lapatinib + Linsitinib,CAR1,1.0
49,Lapatinib + MK-2206,CAR1,1.0
50,Lapatinib + Navitoclax,CAR1,1.0
51,Lapatinib + PD173074,CAR1,1.0
52,Lapatinib + Palbociclib,CAR1,0.0
53,Lapatinib + Pictilisib,CAR1,1.0
54,Lapatinib + Taselisib,CAR1,1.0
55,Lapatinib + Trametinib,CAR1,0.0
56,MK-1775 + Cisplatin,CAR1,1.0
57,MK-1775 + Nutlin-3a (-),CAR1,1.0
58,MK-1775 + Pictilisib,CAR1,1.0
59,MK-2206 + OSI-027,CAR1,1.0
60,Navitoclax + Afatinib,CAR1,1.0
61,Navitoclax + Axitinib,CAR1,1.0
62,Navitoclax + Taselisib,CAR1,1.0
63,Navitoclax + Trametinib,CAR1,1.0
64,Nilotinib + Trametinib,CAR1,0.0
65,Olaparib + MK-1775,CAR1,0.0
66,Taselisib + Afatinib,CAR1,1.0
67,Taselisib + LGK974,CAR1,1.0
68,Taselisib + Linsitinib,CAR1,1.0
69,Taselisib + MK-2206,CAR1,1.0
70,Taselisib + Navitoclax,CAR1,1.0
71,Taselisib + OSI-027,CAR1,1.0
72,Taselisib + Olaparib,CAR1,1.0
73,Taselisib + Palbociclib,CAR1,1.0
74,Taselisib + Sapitinib,CAR1,1.0
75,Taselisib + Trametinib,CAR1,1.0
76,Trametinib + Afatinib,CAR1,1.0
77,Trametinib + LGK974,CAR1,0.0
78,Trametinib + Linsitinib,CAR1,1.0
79,Trametinib + MK-2206,CAR1,1.0
80,Trametinib + Navitoclax,CAR1,1.0
81,Trametinib + Olaparib,CAR1,0.0
82,Trametinib + Palbociclib,CAR1,0.0
83,Trametinib + Pictilisib,CAR1,1.0
84,Trametinib + SCH772984,CAR1,0.0
85,Trametinib + Taselisib,CAR1,1.0
86,AZD7762 + Cisplatin,CCK81,1.0
87,AZD7762 + MK-1775,CCK81,1.0
88,Lapatinib + Crizotinib,CCK81,1.0
89,Lapatinib + Dabrafenib,CCK81,1.0
90,Lapatinib + LGK974,CCK81,1.0
91,Lapatinib + Linsitinib,CCK81,1.0
92,Lapatinib + MK-2206,CCK81,1.0
93,Lapatinib + Navitoclax,CCK81,1.0
94,Lapatinib + PD173074,CCK81,1.0
95,Lapatinib + Palbociclib,CCK81,1.0
96,Lapatinib + Pictilisib,CCK81,1.0
97,Lapatinib + Taselisib,CCK81,1.0
98,Lapatinib + Trametinib,CCK81,0.0
99,MK-1775 + Cisplatin,CCK81,1.0
100,MK-1775 + Nutlin-3a (-),CCK81,1.0
101,MK-1775 + Pictilisib,CCK81,1.0
102,MK-2206 + OSI-027,CCK81,1.0
103,Navitoclax + Afatinib,CCK81,1.0
104,Navitoclax + Axitinib,CCK81,1.0
105,Navitoclax + Taselisib,CCK81,1.0
106,Navitoclax + Trametinib,CCK81,1.0
107,Nilotinib + Trametinib,CCK81,1.0
108,Olaparib + MK-1775,CCK81,0.0
109,Taselisib + Afatinib,CCK81,1.0
110,Taselisib + LGK974,CCK81,1.0
111,Taselisib + Linsitinib,CCK81,1.0
112,Taselisib + MK-2206,CCK81,0.0
113,Taselisib + Navitoclax,CCK81,1.0
114,Taselisib + OSI-027,CCK81,1.0
115,Taselisib + Olaparib,CCK81,1.0
116,Taselisib + Palbociclib,CCK81,1.0
117,Taselisib + Sapitinib,CCK81,1.0
118,Taselisib + Trametinib,CCK81,1.0
119,Trametinib + Afatinib,CCK81,1.0
120,Trametinib + LGK974,CCK81,0.0
121,Trametinib + Linsitinib,CCK81,1.0
122,Trametinib + MK-2206,CCK81,1.0
123,Trametinib + Navitoclax,CCK81,1.0
124,Trametinib + Olaparib,CCK81,1.0
125,Trametinib + Palbociclib,CCK81,1.0
126,Trametinib + Pictilisib,CCK81,1.0
127,Trametinib + SCH772984,CCK81,0.0
128,Trametinib + Taselisib,CCK81,1.0
129,AZD7762 + Cisplatin,CL11,1.0
130,AZD7762 + MK-1775,CL11,1.0
131,Lapatinib + Crizotinib,CL11,1.0
132,Lapatinib + Dabrafenib,CL11,0.0
133,Lapatinib + LGK974,CL11,0.0
134,Lapatinib + Linsitinib,CL11,0.0
135,Lapatinib + MK-2206,CL11,1.0
136,Lapatinib + Navitoclax,CL11,1.0
137,Lapatinib + PD173074,CL11,1.0
138,Lapatinib + Palbociclib,CL11,1.0
139,Lapatinib + Pictilisib,CL11,0.0
140,Lapatinib + Taselisib,CL11,0.0
141,Lapatinib + Trametinib,CL11,1.0
142,MK-1775 + Cisplatin,CL11,1.0
143,MK-1775 + Nutlin-3a (-),CL11,1.0
144,MK-1775 + Pictilisib,CL11,1.0
145,MK-2206 + OSI-027,CL11,1.0
146,Navitoclax + Afatinib,CL11,1.0
147,Navitoclax + Axitinib,CL11,1.0
148,Navitoclax + Taselisib,CL11,1.0
149,Navitoclax + Trametinib,CL11,1.0
150,Nilotinib + Trametinib,CL11,1.0
151,Olaparib + MK-1775,CL11,1.0
152,Taselisib + Afatinib,CL11,0.0
153,Taselisib + LGK974,CL11,1.0
154,Taselisib + Linsitinib,CL11,0.0
155,Taselisib + MK-2206,CL11,0.0
156,Taselisib + Navitoclax,CL11,1.0
157,Taselisib + OSI-027,CL11,1.0
158,Taselisib + Olaparib,CL11,1.0
159,Taselisib + Palbociclib,CL11,1.0
160,Taselisib + Sapitinib,CL11,1.0
161,Taselisib + Trametinib,CL11,1.0
162,Trametinib + Afatinib,CL11,1.0
163,Trametinib + LGK974,CL11,1.0
164,Trametinib + Linsitinib,CL11,1.0
165,Trametinib + MK-2206,CL11,1.0
166,Trametinib + Navitoclax,CL11,1.0
167,Trametinib + Olaparib,CL11,1.0
168,Trametinib + Palbociclib,CL11,1.0
169,Trametinib + Pictilisib,CL11,1.0
170,Trametinib + SCH772984,CL11,0.0
171,Trametinib + Taselisib,CL11,1.0
172,AZD7762 + Cisplatin,CL40,1.0
173,AZD7762 + MK-1775,CL40,1.0
174,Lapatinib + Crizotinib,CL40,1.0
175,Lapatinib + Dabrafenib,CL40,0.0
176,Lapatinib + LGK974,CL40,0.0
177,Lapatinib + Linsitinib,CL40,0.0
178,Lapatinib + MK-2206,CL40,1.0
179,Lapatinib + Navitoclax,CL40,0.0
180,Lapatinib + PD173074,CL40,1.0
181,Lapatinib + Palbociclib,CL40,0.0
182,Lapatinib + Pictilisib,CL40,1.0
183,Lapatinib + Taselisib,CL40,0.0
184,Lapatinib + Trametinib,CL40,0.0
185,MK-1775 + Cisplatin,CL40,1.0
186,MK-1775 + Nutlin-3a (-),CL40,1.0
187,MK-1775 + Pictilisib,CL40,1.0
188,MK-2206 + OSI-027,CL40,1.0
189,Navitoclax + Afatinib,CL40,1.0
190,Navitoclax + Axitinib,CL40,1.0
191,Navitoclax + Taselisib,CL40,1.0
192,Navitoclax + Trametinib,CL40,1.0
193,Nilotinib + Trametinib,CL40,1.0
194,Olaparib + MK-1775,CL40,0.0
195,Taselisib + Afatinib,CL40,1.0
196,Taselisib + LGK974,CL40,1.0
197,Taselisib + Linsitinib,CL40,0.0
198,Taselisib + MK-2206,CL40,0.0
199,Taselisib + Navitoclax,CL40,1.0
200,Taselisib + OSI-027,CL40,1.0
201,Taselisib + Olaparib,CL40,1.0
202,Taselisib + Palbociclib,CL40,1.0
203,Taselisib + Sapitinib,CL40,1.0
204,Taselisib + Trametinib,CL40,1.0
205,Trametinib + Afatinib,CL40,0.0
206,Trametinib + LGK974,CL40,0.0
207,Trametinib + Linsitinib,CL40,1.0
208,Trametinib + MK-2206,CL40,1.0
209,Trametinib + Navitoclax,CL40,1.0
210,Trametinib + Olaparib,CL40,1.0
211,Trametinib + Palbociclib,CL40,0.0
212,Trametinib + Pictilisib,CL40,1.0
213,Trametinib + SCH772984,CL40,0.0
214,Trametinib + Taselisib,CL40,1.0
215,AZD7762 + Cisplatin,COLO205,1.0
216,AZD7762 + MK-1775,COLO205,1.0
217,Lapatinib + Crizotinib,COLO205,0.0
218,Lapatinib + Dabrafenib,COLO205,0.0
219,Lapatinib + LGK974,COLO205,0.0
220,Lapatinib + Linsitinib,COLO205,0.0
221,Lapatinib + MK-2206,COLO205,1.0
222,Lapatinib + Navitoclax,COLO205,1.0
223,Lapatinib + PD173074,COLO205,1.0
224,Lapatinib + Palbociclib,COLO205,0.0
225,Lapatinib + Pictilisib,COLO205,0.0
226,Lapatinib + Taselisib,COLO205,0.0
227,Lapatinib + Trametinib,COLO205,1.0
228,MK-1775 + Cisplatin,COLO205,1.0
229,MK-1775 + Nutlin-3a (-),COLO205,1.0
230,MK-1775 + Pictilisib,COLO205,1.0
231,MK-2206 + OSI-027,COLO205,1.0
232,Navitoclax + Afatinib,COLO205,1.0
233,Navitoclax + Axitinib,COLO205,1.0
234,Navitoclax + Taselisib,COLO205,1.0
235,Navitoclax + Trametinib,COLO205,1.0
236,Nilotinib + Trametinib,COLO205,1.0
237,Olaparib + MK-1775,COLO205,0.0
238,Taselisib + Afatinib,COLO205,1.0
239,Taselisib + LGK974,COLO205,0.0
240,Taselisib + Linsitinib,COLO205,0.0
241,Taselisib + MK-2206,COLO205,1.0
242,Taselisib + Navitoclax,COLO205,1.0
243,Taselisib + OSI-027,COLO205,1.0
244,Taselisib + Olaparib,COLO205,0.0
245,Taselisib + Palbociclib,COLO205,1.0
246,Taselisib + Sapitinib,COLO205,1.0
247,Taselisib + Trametinib,COLO205,1.0
248,Trametinib + Afatinib,COLO205,1.0
249,Trametinib + LGK974,COLO205,0.0
250,Trametinib + Linsitinib,COLO205,1.0
251,Trametinib + MK-2206,COLO205,1.0
252,Trametinib + Navitoclax,COLO205,1.0
253,Trametinib + Olaparib,COLO205,1.0
254,Trametinib + Palbociclib,COLO205,0.0
255,Trametinib + Pictilisib,COLO205,1.0
256,Trametinib + SCH772984,COLO205,0.0
257,Trametinib + Taselisib,COLO205,1.0
258,AZD7762 + Cisplatin,COLO320HSR,1.0
259,AZD7762 + MK-1775,COLO320HSR,1.0
260,Lapatinib + Crizotinib,COLO320HSR,1.0
261,Lapatinib + Dabrafenib,COLO320HSR,1.0
262,Lapatinib + LGK974,COLO320HSR,1.0
263,Lapatinib + Linsitinib,COLO320HSR,1.0
264,Lapatinib + MK-2206,COLO320HSR,1.0
265,Lapatinib + Navitoclax,COLO320HSR,1.0
266,Lapatinib + PD173074,COLO320HSR,1.0
267,Lapatinib + Palbociclib,COLO320HSR,1.0
268,Lapatinib + Pictilisib,COLO320HSR,1.0
269,Lapatinib + Taselisib,COLO320HSR,1.0
270,Lapatinib + Trametinib,COLO320HSR,1.0
271,MK-1775 + Cisplatin,COLO320HSR,0.0
272,MK-1775 + Nutlin-3a (-),COLO320HSR,1.0
273,MK-1775 + Pictilisib,COLO320HSR,0.0
274,MK-2206 + OSI-027,COLO320HSR,1.0
275,Navitoclax + Afatinib,COLO320HSR,0.0
276,Navitoclax + Axitinib,COLO320HSR,1.0
277,Navitoclax + Taselisib,COLO320HSR,1.0
278,Navitoclax + Trametinib,COLO320HSR,1.0
279,Nilotinib + Trametinib,COLO320HSR,1.0
280,Olaparib + MK-1775,COLO320HSR,0.0
281,Taselisib + Afatinib,COLO320HSR,1.0
282,Taselisib + LGK974,COLO320HSR,1.0
283,Taselisib + Linsitinib,COLO320HSR,0.0
284,Taselisib + MK-2206,COLO320HSR,0.0
285,Taselisib + Navitoclax,COLO320HSR,1.0
286,Taselisib + OSI-027,COLO320HSR,1.0
287,Taselisib + Olaparib,COLO320HSR,0.0
288,Taselisib + Palbociclib,COLO320HSR,1.0
289,Taselisib + Sapitinib,COLO320HSR,0.0
290,Taselisib + Trametinib,COLO320HSR,1.0
291,Trametinib + Afatinib,COLO320HSR,1.0
292,Trametinib + LGK974,COLO320HSR,0.0
293,Trametinib + Linsitinib,COLO320HSR,1.0
294,Trametinib + MK-2206,COLO320HSR,0.0
295,Trametinib + Navitoclax,COLO320HSR,0.0
296,Trametinib + Olaparib,COLO320HSR,0.0
297,Trametinib + Palbociclib,COLO320HSR,0.0
298,Trametinib + Pictilisib,COLO320HSR,1.0
299,Trametinib + SCH772984,COLO320HSR,0.0
300,Trametinib + Taselisib,COLO320HSR,1.0
301,AZD7762 + Cisplatin,COLO678,0.0
302,AZD7762 + MK-1775,COLO678,1.0
303,Lapatinib + Crizotinib,COLO678,0.0
304,Lapatinib + Dabrafenib,COLO678,0.0
305,Lapatinib + LGK974,COLO678,0.0
306,Lapatinib + Linsitinib,COLO678,0.0
307,Lapatinib + MK-2206,COLO678,0.0
308,Lapatinib + Navitoclax,COLO678,0.0
309,Lapatinib + PD173074,COLO678,1.0
310,Lapatinib + Palbociclib,COLO678,0.0
311,Lapatinib + Pictilisib,COLO678,1.0
312,Lapatinib + Taselisib,COLO678,0.0
313,Lapatinib + Trametinib,COLO678,0.0
314,MK-1775 + Cisplatin,COLO678,1.0
315,MK-1775 + Nutlin-3a (-),COLO678,0.0
316,MK-1775 + Pictilisib,COLO678,1.0
317,MK-2206 + OSI-027,COLO678,1.0
318,Navitoclax + Afatinib,COLO678,1.0
319,Navitoclax + Axitinib,COLO678,1.0
320,Navitoclax + Taselisib,COLO678,0.0
321,Navitoclax + Trametinib,COLO678,0.0
322,Nilotinib + Trametinib,COLO678,1.0
323,Olaparib + MK-1775,COLO678,0.0
324,Taselisib + Afatinib,COLO678,0.0
325,Taselisib + LGK974,COLO678,0.0
326,Taselisib + Linsitinib,COLO678,0.0
327,Taselisib + MK-2206,COLO678,0.0
328,Taselisib + Navitoclax,COLO678,0.0
329,Taselisib + OSI-027,COLO678,0.0
330,Taselisib + Olaparib,COLO678,0.0
331,Taselisib + Palbociclib,COLO678,0.0
332,Taselisib + Sapitinib,COLO678,0.0
333,Taselisib + Trametinib,COLO678,0.0
334,Trametinib + Afatinib,COLO678,0.0
335,Trametinib + LGK974,COLO678,0.0
336,Trametinib + Linsitinib,COLO678,0.0
337,Trametinib + MK-2206,COLO678,1.0
338,Trametinib + Navitoclax,COLO678,0.0
339,Trametinib + Olaparib,COLO678,1.0
340,Trametinib + Palbociclib,COLO678,0.0
341,Trametinib + Pictilisib,COLO678,1.0
342,Trametinib + SCH772984,COLO678,0.0
343,Trametinib + Taselisib,COLO678,0.0
344,AZD7762 + Cisplatin,CW2,0.0
345,AZD7762 + MK-1775,CW2,1.0
346,Lapatinib + Crizotinib,CW2,1.0
347,Lapatinib + Dabrafenib,CW2,0.0
348,Lapatinib + LGK974,CW2,0.0
349,Lapatinib + Linsitinib,CW2,1.0
350,Lapatinib + MK-2206,CW2,1.0
351,Lapatinib + Navitoclax,CW2,1.0
352,Lapatinib + PD173074,CW2,1.0
353,Lapatinib + Palbociclib,CW2,0.0
354,Lapatinib + Pictilisib,CW2,0.0
355,Lapatinib + Taselisib,CW2,1.0
356,Lapatinib + Trametinib,CW2,0.0
357,MK-1775 + Cisplatin,CW2,0.0
358,MK-1775 + Nutlin-3a (-),CW2,0.0
359,MK-1775 + Pictilisib,CW2,0.0
360,MK-2206 + OSI-027,CW2,1.0
361,Navitoclax + Afatinib,CW2,1.0
362,Navitoclax + Axitinib,CW2,1.0
363,Navitoclax + Taselisib,CW2,1.0
364,Navitoclax + Trametinib,CW2,1.0
365,Nilotinib + Trametinib,CW2,1.0
366,Olaparib + MK-1775,CW2,0.0
367,Taselisib + Afatinib,CW2,1.0
368,Taselisib + LGK974,CW2,1.0
369,Taselisib + Linsitinib,CW2,1.0
370,Taselisib + MK-2206,CW2,0.0
371,Taselisib + Navitoclax,CW2,0.0
372,Taselisib + OSI-027,CW2,0.0
373,Taselisib + Olaparib,CW2,0.0
374,Taselisib + Palbociclib,CW2,1.0
375,Taselisib + Sapitinib,CW2,0.0
376,Taselisib + Trametinib,CW2,1.0
377,Trametinib + Afatinib,CW2,1.0
378,Trametinib + LGK974,CW2,0.0
379,Trametinib + Linsitinib,CW2,1.0
380,Trametinib + MK-2206,CW2,1.0
381,Trametinib + Navitoclax,CW2,1.0
382,Trametinib + Olaparib,CW2,1.0
383,Trametinib + Palbociclib,CW2,0.0
384,Trametinib + Pictilisib,CW2,1.0
385,Trametinib + SCH772984,CW2,0.0
386,Trametinib + Taselisib,CW2,1.0
387,AZD7762 + Cisplatin,DIFI,1.0
388,AZD7762 + MK-1775,DIFI,1.0
389,Lapatinib + Crizotinib,DIFI,1.0
390,Lapatinib + Dabrafenib,DIFI,1.0
391,Lapatinib + LGK974,DIFI,1.0
392,Lapatinib + Linsitinib,DIFI,1.0
393,Lapatinib + MK-2206,DIFI,1.0
394,Lapatinib + Navitoclax,DIFI,1.0
395,Lapatinib + PD173074,DIFI,1.0
396,Lapatinib + Palbociclib,DIFI,0.0
397,Lapatinib + Pictilisib,DIFI,1.0
398,Lapatinib + Taselisib,DIFI,0.0
399,Lapatinib + Trametinib,DIFI,0.0
400,MK-1775 + Cisplatin,DIFI,1.0
401,MK-1775 + Nutlin-3a (-),DIFI,1.0
402,MK-1775 + Pictilisib,DIFI,1.0
403,MK-2206 + OSI-027,DIFI,1.0
404,Navitoclax + Afatinib,DIFI,1.0
405,Navitoclax + Axitinib,DIFI,1.0
406,Navitoclax + Taselisib,DIFI,1.0
407,Navitoclax + Trametinib,DIFI,1.0
408,Nilotinib + Trametinib,DIFI,1.0
409,Olaparib + MK-1775,DIFI,0.0
410,Taselisib + Afatinib,DIFI,0.0
411,Taselisib + LGK974,DIFI,1.0
412,Taselisib + Linsitinib,DIFI,1.0
413,Taselisib + MK-2206,DIFI,1.0
414,Taselisib + Navitoclax,DIFI,1.0
415,Taselisib + OSI-027,DIFI,1.0
416,Taselisib + Olaparib,DIFI,
417,Taselisib + Palbociclib,DIFI,0.0
418,Taselisib + Sapitinib,DIFI,0.0
419,Taselisib + Trametinib,DIFI,1.0
420,Trametinib + Afatinib,DIFI,0.0
421,Trametinib + LGK974,DIFI,1.0
422,Trametinib + Linsitinib,DIFI,1.0
423,Trametinib + MK-2206,DIFI,1.0
424,Trametinib + Navitoclax,DIFI,1.0
425,Trametinib + Olaparib,DIFI,
426,Trametinib + Palbociclib,DIFI,0.0
427,Trametinib + Pictilisib,DIFI,1.0
428,Trametinib + SCH772984,DIFI,1.0
429,Trametinib + Taselisib,DIFI,1.0
430,AZD7762 + Cisplatin,GP5D,1.0
431,AZD7762 + MK-1775,GP5D,1.0
432,Lapatinib + Crizotinib,GP5D,1.0
433,Lapatinib + Dabrafenib,GP5D,0.0
434,Lapatinib + LGK974,GP5D,1.0
435,Lapatinib + Linsitinib,GP5D,1.0
436,Lapatinib + MK-2206,GP5D,1.0
437,Lapatinib + Navitoclax,GP5D,1.0
438,Lapatinib + PD173074,GP5D,1.0
439,Lapatinib + Palbociclib,GP5D,1.0
440,Lapatinib + Pictilisib,GP5D,0.0
441,Lapatinib + Taselisib,GP5D,0.0
442,Lapatinib + Trametinib,GP5D,1.0
443,MK-1775 + Cisplatin,GP5D,1.0
444,MK-1775 + Nutlin-3a (-),GP5D,1.0
445,MK-1775 + Pictilisib,GP5D,0.0
446,MK-2206 + OSI-027,GP5D,1.0
447,Navitoclax + Afatinib,GP5D,1.0
448,Navitoclax + Axitinib,GP5D,1.0
449,Navitoclax + Taselisib,GP5D,1.0
450,Navitoclax + Trametinib,GP5D,1.0
451,Nilotinib + Trametinib,GP5D,1.0
452,Olaparib + MK-1775,GP5D,0.0
453,Taselisib + Afatinib,GP5D,0.0
454,Taselisib + LGK974,GP5D,1.0
455,Taselisib + Linsitinib,GP5D,1.0
456,Taselisib + MK-2206,GP5D,0.0
457,Taselisib + Navitoclax,GP5D,1.0
458,Taselisib + OSI-027,GP5D,0.0
459,Taselisib + Olaparib,GP5D,1.0
460,Taselisib + Palbociclib,GP5D,1.0
461,Taselisib + Sapitinib,GP5D,0.0
462,Taselisib + Trametinib,GP5D,1.0
463,Trametinib + Afatinib,GP5D,1.0
464,Trametinib + LGK974,GP5D,1.0
465,Trametinib + Linsitinib,GP5D,1.0
466,Trametinib + MK-2206,GP5D,1.0
467,Trametinib + Navitoclax,GP5D,1.0
468,Trametinib + Olaparib,GP5D,1.0
469,Trametinib + Palbociclib,GP5D,1.0
470,Trametinib + Pictilisib,GP5D,1.0
471,Trametinib + SCH772984,GP5D,0.0
472,Trametinib + Taselisib,GP5D,1.0
473,AZD7762 + Cisplatin,HCC2998,1.0
474,AZD7762 + MK-1775,HCC2998,1.0
475,Lapatinib + Crizotinib,HCC2998,1.0
476,Lapatinib + Dabrafenib,HCC2998,1.0
477,Lapatinib + LGK974,HCC2998,0.0
478,Lapatinib + Linsitinib,HCC2998,1.0
479,Lapatinib + MK-2206,HCC2998,1.0
480,Lapatinib + Navitoclax,HCC2998,0.0
481,Lapatinib + PD173074,HCC2998,1.0
482,Lapatinib + Palbociclib,HCC2998,0.0
483,Lapatinib + Pictilisib,HCC2998,0.0
484,Lapatinib + Taselisib,HCC2998,0.0
485,Lapatinib + Trametinib,HCC2998,1.0
486,MK-1775 + Cisplatin,HCC2998,1.0
487,MK-1775 + Nutlin-3a (-),HCC2998,1.0
488,MK-1775 + Pictilisib,HCC2998,1.0
489,MK-2206 + OSI-027,HCC2998,1.0
490,Navitoclax + Afatinib,HCC2998,1.0
491,Navitoclax + Axitinib,HCC2998,1.0
492,Navitoclax + Taselisib,HCC2998,1.0
493,Navitoclax + Trametinib,HCC2998,1.0
494,Nilotinib + Trametinib,HCC2998,1.0
495,Olaparib + MK-1775,HCC2998,1.0
496,Taselisib + Afatinib,HCC2998,1.0
497,Taselisib + LGK974,HCC2998,1.0
498,Taselisib + Linsitinib,HCC2998,1.0
499,Taselisib + MK-2206,HCC2998,1.0
500,Taselisib + Navitoclax,HCC2998,1.0
501,Taselisib + OSI-027,HCC2998,1.0
502,Taselisib + Olaparib,HCC2998,0.0
503,Taselisib + Palbociclib,HCC2998,1.0
504,Taselisib + Sapitinib,HCC2998,1.0
505,Taselisib + Trametinib,HCC2998,1.0
506,Trametinib + Afatinib,HCC2998,1.0
507,Trametinib + LGK974,HCC2998,1.0
508,Trametinib + Linsitinib,HCC2998,1.0
509,Trametinib + MK-2206,HCC2998,1.0
510,Trametinib + Navitoclax,HCC2998,1.0
511,Trametinib + Olaparib,HCC2998,1.0
512,Trametinib + Palbociclib,HCC2998,1.0
513,Trametinib + Pictilisib,HCC2998,1.0
514,Trametinib + SCH772984,HCC2998,0.0
515,Trametinib + Taselisib,HCC2998,1.0
516,AZD7762 + Cisplatin,HCT116,0.0
517,AZD7762 + MK-1775,HCT116,1.0
518,Lapatinib + Crizotinib,HCT116,1.0
519,Lapatinib + Dabrafenib,HCT116,0.0
520,Lapatinib + LGK974,HCT116,0.0
521,Lapatinib + Linsitinib,HCT116,1.0
522,Lapatinib + MK-2206,HCT116,1.0
523,Lapatinib + Navitoclax,HCT116,1.0
524,Lapatinib + PD173074,HCT116,1.0
525,Lapatinib + Palbociclib,HCT116,1.0
526,Lapatinib + Pictilisib,HCT116,0.0
527,Lapatinib + Taselisib,HCT116,1.0
528,Lapatinib + Trametinib,HCT116,1.0
529,MK-1775 + Cisplatin,HCT116,1.0
530,MK-1775 + Nutlin-3a (-),HCT116,0.0
531,MK-1775 + Pictilisib,HCT116,1.0
532,MK-2206 + OSI-027,HCT116,1.0
533,Navitoclax + Afatinib,HCT116,1.0
534,Navitoclax + Axitinib,HCT116,1.0
535,Navitoclax + Taselisib,HCT116,1.0
536,Navitoclax + Trametinib,HCT116,1.0
537,Nilotinib + Trametinib,HCT116,1.0
538,Olaparib + MK-1775,HCT116,1.0
539,Taselisib + Afatinib,HCT116,1.0
540,Taselisib + LGK974,HCT116,1.0
541,Taselisib + Linsitinib,HCT116,0.0
542,Taselisib + MK-2206,HCT116,0.0
543,Taselisib + Navitoclax,HCT116,1.0
544,Taselisib + OSI-027,HCT116,1.0
545,Taselisib + Olaparib,HCT116,0.0
546,Taselisib + Palbociclib,HCT116,1.0
547,Taselisib + Sapitinib,HCT116,1.0
548,Taselisib + Trametinib,HCT116,1.0
549,Trametinib + Afatinib,HCT116,1.0
550,Trametinib + LGK974,HCT116,0.0
551,Trametinib + Linsitinib,HCT116,1.0
552,Trametinib + MK-2206,HCT116,1.0
553,Trametinib + Navitoclax,HCT116,1.0
554,Trametinib + Olaparib,HCT116,1.0
555,Trametinib + Palbociclib,HCT116,1.0
556,Trametinib + Pictilisib,HCT116,1.0
557,Trametinib + SCH772984,HCT116,1.0
558,Trametinib + Taselisib,HCT116,1.0
559,AZD7762 + Cisplatin,HCT15,1.0
560,AZD7762 + MK-1775,HCT15,1.0
561,Lapatinib + Crizotinib,HCT15,1.0
562,Lapatinib + Dabrafenib,HCT15,1.0
563,Lapatinib + LGK974,HCT15,1.0
564,Lapatinib + Linsitinib,HCT15,1.0
565,Lapatinib + MK-2206,HCT15,1.0
566,Lapatinib + Navitoclax,HCT15,1.0
567,Lapatinib + PD173074,HCT15,1.0
568,Lapatinib + Palbociclib,HCT15,1.0
569,Lapatinib + Pictilisib,HCT15,0.0
570,Lapatinib + Taselisib,HCT15,1.0
571,Lapatinib + Trametinib,HCT15,1.0
572,MK-1775 + Cisplatin,HCT15,1.0
573,MK-1775 + Nutlin-3a (-),HCT15,1.0
574,MK-1775 + Pictilisib,HCT15,1.0
575,MK-2206 + OSI-027,HCT15,1.0
576,Navitoclax + Afatinib,HCT15,1.0
577,Navitoclax + Axitinib,HCT15,1.0
578,Navitoclax + Taselisib,HCT15,1.0
579,Navitoclax + Trametinib,HCT15,1.0
580,Nilotinib + Trametinib,HCT15,0.0
581,Olaparib + MK-1775,HCT15,0.0
582,Taselisib + Afatinib,HCT15,1.0
583,Taselisib + LGK974,HCT15,1.0
584,Taselisib + Linsitinib,HCT15,1.0
585,Taselisib + MK-2206,HCT15,0.0
586,Taselisib + Navitoclax,HCT15,1.0
587,Taselisib + OSI-027,HCT15,1.0
588,Taselisib + Olaparib,HCT15,1.0
589,Taselisib + Palbociclib,HCT15,1.0
590,Taselisib + Sapitinib,HCT15,1.0
591,Taselisib + Trametinib,HCT15,1.0
592,Trametinib + Afatinib,HCT15,1.0
593,Trametinib + LGK974,HCT15,1.0
594,Trametinib + Linsitinib,HCT15,1.0
595,Trametinib + MK-2206,HCT15,1.0
596,Trametinib + Navitoclax,HCT15,1.0
597,Trametinib + Olaparib,HCT15,0.0
598,Trametinib + Palbociclib,HCT15,1.0
599,Trametinib + Pictilisib,HCT15,1.0
600,Trametinib + SCH772984,HCT15,0.0
601,Trametinib + Taselisib,HCT15,1.0
602,AZD7762 + Cisplatin,HT29,1.0
603,AZD7762 + MK-1775,HT29,1.0
604,Lapatinib + Crizotinib,HT29,1.0
605,Lapatinib + Dabrafenib,HT29,1.0
606,Lapatinib + LGK974,HT29,1.0
607,Lapatinib + Linsitinib,HT29,1.0
608,Lapatinib + MK-2206,HT29,1.0
609,Lapatinib + Navitoclax,HT29,1.0
610,Lapatinib + PD173074,HT29,1.0
611,Lapatinib + Palbociclib,HT29,0.0
612,Lapatinib + Pictilisib,HT29,0.0
613,Lapatinib + Taselisib,HT29,1.0
614,Lapatinib + Trametinib,HT29,1.0
615,MK-1775 + Cisplatin,HT29,1.0
616,MK-1775 + Nutlin-3a (-),HT29,1.0
617,MK-1775 + Pictilisib,HT29,0.0
618,MK-2206 + OSI-027,HT29,1.0
619,Navitoclax + Afatinib,HT29,1.0
620,Navitoclax + Axitinib,HT29,1.0
621,Navitoclax + Taselisib,HT29,1.0
622,Navitoclax + Trametinib,HT29,1.0
623,Nilotinib + Trametinib,HT29,0.0
624,Olaparib + MK-1775,HT29,0.0
625,Taselisib + Afatinib,HT29,1.0
626,Taselisib + LGK974,HT29,1.0
627,Taselisib + Linsitinib,HT29,0.0
628,Taselisib + MK-2206,HT29,1.0
629,Taselisib + Navitoclax,HT29,1.0
630,Taselisib + OSI-027,HT29,0.0
631,Taselisib + Olaparib,HT29,1.0
632,Taselisib + Palbociclib,HT29,1.0
633,Taselisib + Sapitinib,HT29,1.0
634,Taselisib + Trametinib,HT29,1.0
635,Trametinib + Afatinib,HT29,1.0
636,Trametinib + LGK974,HT29,1.0
637,Trametinib + Linsitinib,HT29,0.0
638,Trametinib + MK-2206,HT29,1.0
639,Trametinib + Navitoclax,HT29,1.0
640,Trametinib + Olaparib,HT29,1.0
641,Trametinib + Palbociclib,HT29,0.0
642,Trametinib + Pictilisib,HT29,1.0
643,Trametinib + SCH772984,HT29,0.0
644,Trametinib + Taselisib,HT29,0.0
645,AZD7762 + Cisplatin,HT55,1.0
646,AZD7762 + MK-1775,HT55,1.0
647,Lapatinib + Crizotinib,HT55,1.0
648,Lapatinib + Dabrafenib,HT55,1.0
649,Lapatinib + LGK974,HT55,0.0
650,Lapatinib + Linsitinib,HT55,1.0
651,Lapatinib + MK-2206,HT55,1.0
652,Lapatinib + Navitoclax,HT55,1.0
653,Lapatinib + PD173074,HT55,1.0
654,Lapatinib + Palbociclib,HT55,1.0
655,Lapatinib + Pictilisib,HT55,1.0
656,Lapatinib + Taselisib,HT55,0.0
657,Lapatinib + Trametinib,HT55,0.0
658,MK-1775 + Cisplatin,HT55,1.0
659,MK-1775 + Nutlin-3a (-),HT55,1.0
660,MK-1775 + Pictilisib,HT55,1.0
661,MK-2206 + OSI-027,HT55,1.0
662,Navitoclax + Afatinib,HT55,1.0
663,Navitoclax + Axitinib,HT55,1.0
664,Navitoclax + Taselisib,HT55,1.0
665,Navitoclax + Trametinib,HT55,1.0
666,Nilotinib + Trametinib,HT55,1.0
667,Olaparib + MK-1775,HT55,1.0
668,Taselisib + Afatinib,HT55,1.0
669,Taselisib + LGK974,HT55,1.0
670,Taselisib + Linsitinib,HT55,0.0
671,Taselisib + MK-2206,HT55,0.0
672,Taselisib + Navitoclax,HT55,1.0
673,Taselisib + OSI-027,HT55,1.0
674,Taselisib + Olaparib,HT55,1.0
675,Taselisib + Palbociclib,HT55,1.0
676,Taselisib + Sapitinib,HT55,1.0
677,Taselisib + Trametinib,HT55,1.0
678,Trametinib + Afatinib,HT55,0.0
679,Trametinib + LGK974,HT55,0.0
680,Trametinib + Linsitinib,HT55,0.0
681,Trametinib + MK-2206,HT55,0.0
682,Trametinib + Navitoclax,HT55,1.0
683,Trametinib + Olaparib,HT55,1.0
684,Trametinib + Palbociclib,HT55,0.0
685,Trametinib + Pictilisib,HT55,1.0
686,Trametinib + SCH772984,HT55,0.0
687,Trametinib + Taselisib,HT55,0.0
688,AZD7762 + Cisplatin,KM12,1.0
689,AZD7762 + MK-1775,KM12,1.0
690,Lapatinib + Crizotinib,KM12,1.0
691,Lapatinib + Dabrafenib,KM12,1.0
692,Lapatinib + LGK974,KM12,0.0
693,Lapatinib + Linsitinib,KM12,1.0
694,Lapatinib + MK-2206,KM12,1.0
695,Lapatinib + Navitoclax,KM12,1.0
696,Lapatinib + PD173074,KM12,1.0
697,Lapatinib + Palbociclib,KM12,0.0
698,Lapatinib + Pictilisib,KM12,1.0
699,Lapatinib + Taselisib,KM12,0.0
700,Lapatinib + Trametinib,KM12,0.0
701,MK-1775 + Cisplatin,KM12,1.0
702,MK-1775 + Nutlin-3a (-),KM12,1.0
703,MK-1775 + Pictilisib,KM12,1.0
704,MK-2206 + OSI-027,KM12,0.0
705,Navitoclax + Afatinib,KM12,1.0
706,Navitoclax + Axitinib,KM12,1.0
707,Navitoclax + Taselisib,KM12,0.0
708,Navitoclax + Trametinib,KM12,1.0
709,Nilotinib + Trametinib,KM12,1.0
710,Olaparib + MK-1775,KM12,0.0
711,Taselisib + Afatinib,KM12,0.0
712,Taselisib + LGK974,KM12,1.0
713,Taselisib + Linsitinib,KM12,1.0
714,Taselisib + MK-2206,KM12,1.0
715,Taselisib + Navitoclax,KM12,0.0
716,Taselisib + OSI-027,KM12,0.0
717,Taselisib + Olaparib,KM12,0.0
718,Taselisib + Palbociclib,KM12,1.0
719,Taselisib + Sapitinib,KM12,0.0
720,Taselisib + Trametinib,KM12,1.0
721,Trametinib + Afatinib,KM12,0.0
722,Trametinib + LGK974,KM12,1.0
723,Trametinib + Linsitinib,KM12,1.0
724,Trametinib + MK-2206,KM12,1.0
725,Trametinib + Navitoclax,KM12,1.0
726,Trametinib + Olaparib,KM12,0.0
727,Trametinib + Palbociclib,KM12,0.0
728,Trametinib + Pictilisib,KM12,1.0
729,Trametinib + SCH772984,KM12,0.0
730,Trametinib + Taselisib,KM12,1.0
731,AZD7762 + Cisplatin,LOVO,1.0
732,AZD7762 + MK-1775,LOVO,1.0
733,Lapatinib + Crizotinib,LOVO,1.0
734,Lapatinib + Dabrafenib,LOVO,1.0
735,Lapatinib + LGK974,LOVO,0.0
736,Lapatinib + Linsitinib,LOVO,1.0
737,Lapatinib + MK-2206,LOVO,1.0
738,Lapatinib + Navitoclax,LOVO,1.0
739,Lapatinib + PD173074,LOVO,1.0
740,Lapatinib + Palbociclib,LOVO,1.0
741,Lapatinib + Pictilisib,LOVO,0.0
742,Lapatinib + Taselisib,LOVO,1.0
743,Lapatinib + Trametinib,LOVO,1.0
744,MK-1775 + Cisplatin,LOVO,1.0
745,MK-1775 + Nutlin-3a (-),LOVO,0.0
746,MK-1775 + Pictilisib,LOVO,1.0
747,MK-2206 + OSI-027,LOVO,1.0
748,Navitoclax + Afatinib,LOVO,1.0
749,Navitoclax + Axitinib,LOVO,1.0
750,Navitoclax + Taselisib,LOVO,1.0
751,Navitoclax + Trametinib,LOVO,1.0
752,Nilotinib + Trametinib,LOVO,1.0
753,Olaparib + MK-1775,LOVO,1.0
754,Taselisib + Afatinib,LOVO,1.0
755,Taselisib + LGK974,LOVO,1.0
756,Taselisib + Linsitinib,LOVO,1.0
757,Taselisib + MK-2206,LOVO,1.0
758,Taselisib + Navitoclax,LOVO,1.0
759,Taselisib + OSI-027,LOVO,1.0
760,Taselisib + Olaparib,LOVO,0.0
761,Taselisib + Palbociclib,LOVO,1.0
762,Taselisib + Sapitinib,LOVO,1.0
763,Taselisib + Trametinib,LOVO,1.0
764,Trametinib + Afatinib,LOVO,1.0
765,Trametinib + LGK974,LOVO,1.0
766,Trametinib + Linsitinib,LOVO,1.0
767,Trametinib + MK-2206,LOVO,1.0
768,Trametinib + Navitoclax,LOVO,1.0
769,Trametinib + Olaparib,LOVO,1.0
770,Trametinib + Palbociclib,LOVO,0.0
771,Trametinib + Pictilisib,LOVO,1.0
772,Trametinib + SCH772984,LOVO,0.0
773,Trametinib + Taselisib,LOVO,1.0
774,AZD7762 + Cisplatin,LS123,1.0
775,AZD7762 + MK-1775,LS123,1.0
776,Lapatinib + Crizotinib,LS123,1.0
777,Lapatinib + Dabrafenib,LS123,1.0
778,Lapatinib + LGK974,LS123,0.0
779,Lapatinib + Linsitinib,LS123,0.0
780,Lapatinib + MK-2206,LS123,0.0
781,Lapatinib + Navitoclax,LS123,1.0
782,Lapatinib + PD173074,LS123,1.0
783,Lapatinib + Palbociclib,LS123,0.0
784,Lapatinib + Pictilisib,LS123,1.0
785,Lapatinib + Taselisib,LS123,1.0
786,Lapatinib + Trametinib,LS123,1.0
787,MK-1775 + Cisplatin,LS123,1.0
788,MK-1775 + Nutlin-3a (-),LS123,1.0
789,MK-1775 + Pictilisib,LS123,0.0
790,MK-2206 + OSI-027,LS123,1.0
791,Navitoclax + Afatinib,LS123,1.0
792,Navitoclax + Axitinib,LS123,1.0
793,Navitoclax + Taselisib,LS123,1.0
794,Navitoclax + Trametinib,LS123,1.0
795,Nilotinib + Trametinib,LS123,0.0
796,Olaparib + MK-1775,LS123,1.0
797,Taselisib + Afatinib,LS123,1.0
798,Taselisib + LGK974,LS123,0.0
799,Taselisib + Linsitinib,LS123,1.0
800,Taselisib + MK-2206,LS123,1.0
801,Taselisib + Navitoclax,LS123,1.0
802,Taselisib + OSI-027,LS123,1.0
803,Taselisib + Olaparib,LS123,0.0
804,Taselisib + Palbociclib,LS123,1.0
805,Taselisib + Sapitinib,LS123,1.0
806,Taselisib + Trametinib,LS123,1.0
807,Trametinib + Afatinib,LS123,1.0
808,Trametinib + LGK974,LS123,0.0
809,Trametinib + Linsitinib,LS123,0.0
810,Trametinib + MK-2206,LS123,1.0
811,Trametinib + Navitoclax,LS123,1.0
812,Trametinib + Olaparib,LS123,0.0
813,Trametinib + Palbociclib,LS123,0.0
814,Trametinib + Pictilisib,LS123,1.0
815,Trametinib + SCH772984,LS123,0.0
816,Trametinib + Taselisib,LS123,1.0
817,AZD7762 + Cisplatin,LS180,1.0
818,AZD7762 + MK-1775,LS180,1.0
819,Lapatinib + Crizotinib,LS180,1.0
820,Lapatinib + Dabrafenib,LS180,0.0
821,Lapatinib + LGK974,LS180,0.0
822,Lapatinib + Linsitinib,LS180,1.0
823,Lapatinib + MK-2206,LS180,1.0
824,Lapatinib + Navitoclax,LS180,1.0
825,Lapatinib + PD173074,LS180,1.0
826,Lapatinib + Palbociclib,LS180,1.0
827,Lapatinib + Pictilisib,LS180,0.0
828,Lapatinib + Taselisib,LS180,1.0
829,Lapatinib + Trametinib,LS180,1.0
830,MK-1775 + Cisplatin,LS180,0.0
831,MK-1775 + Nutlin-3a (-),LS180,0.0
832,MK-1775 + Pictilisib,LS180,1.0
833,MK-2206 + OSI-027,LS180,1.0
834,Navitoclax + Afatinib,LS180,1.0
835,Navitoclax + Axitinib,LS180,1.0
836,Navitoclax + Taselisib,LS180,1.0
837,Navitoclax + Trametinib,LS180,1.0
838,Nilotinib + Trametinib,LS180,1.0
839,Olaparib + MK-1775,LS180,0.0
840,Taselisib + Afatinib,LS180,1.0
841,Taselisib + LGK974,LS180,1.0
842,Taselisib + Linsitinib,LS180,1.0
843,Taselisib + MK-2206,LS180,1.0
844,Taselisib + Navitoclax,LS180,1.0
845,Taselisib + OSI-027,LS180,1.0
846,Taselisib + Olaparib,LS180,1.0
847,Taselisib + Palbociclib,LS180,1.0
848,Taselisib + Sapitinib,LS180,1.0
849,Taselisib + Trametinib,LS180,1.0
850,Trametinib + Afatinib,LS180,1.0
851,Trametinib + LGK974,LS180,0.0
852,Trametinib + Linsitinib,LS180,1.0
853,Trametinib + MK-2206,LS180,1.0
854,Trametinib + Navitoclax,LS180,1.0
855,Trametinib + Olaparib,LS180,0.0
856,Trametinib + Palbociclib,LS180,1.0
857,Trametinib + Pictilisib,LS180,1.0
858,Trametinib + SCH772984,LS180,0.0
859,Trametinib + Taselisib,LS180,1.0
860,AZD7762 + Cisplatin,LS411N,1.0
861,AZD7762 + MK-1775,LS411N,1.0
862,Lapatinib + Crizotinib,LS411N,1.0
863,Lapatinib + Dabrafenib,LS411N,1.0
864,Lapatinib + LGK974,LS411N,0.0
865,Lapatinib + Linsitinib,LS411N,1.0
866,Lapatinib + MK-2206,LS411N,1.0
867,Lapatinib + Navitoclax,LS411N,1.0
868,Lapatinib + PD173074,LS411N,1.0
869,Lapatinib + Palbociclib,LS411N,0.0
870,Lapatinib + Pictilisib,LS411N,1.0
871,Lapatinib + Taselisib,LS411N,1.0
872,Lapatinib + Trametinib,LS411N,1.0
873,MK-1775 + Cisplatin,LS411N,1.0
874,MK-1775 + Nutlin-3a (-),LS411N,1.0
875,MK-1775 + Pictilisib,LS411N,1.0
876,MK-2206 + OSI-027,LS411N,1.0
877,Navitoclax + Afatinib,LS411N,1.0
878,Navitoclax + Axitinib,LS411N,1.0
879,Navitoclax + Taselisib,LS411N,1.0
880,Navitoclax + Trametinib,LS411N,1.0
881,Nilotinib + Trametinib,LS411N,1.0
882,Olaparib + MK-1775,LS411N,0.0
883,Taselisib + Afatinib,LS411N,0.0
884,Taselisib + LGK974,LS411N,1.0
885,Taselisib + Linsitinib,LS411N,1.0
886,Taselisib + MK-2206,LS411N,1.0
887,Taselisib + Navitoclax,LS411N,1.0
888,Taselisib + OSI-027,LS411N,1.0
889,Taselisib + Olaparib,LS411N,1.0
890,Taselisib + Palbociclib,LS411N,1.0
891,Taselisib + Sapitinib,LS411N,1.0
892,Taselisib + Trametinib,LS411N,1.0
893,Trametinib + Afatinib,LS411N,1.0
894,Trametinib + LGK974,LS411N,1.0
895,Trametinib + Linsitinib,LS411N,1.0
896,Trametinib + MK-2206,LS411N,1.0
897,Trametinib + Navitoclax,LS411N,1.0
898,Trametinib + Olaparib,LS411N,1.0
899,Trametinib + Palbociclib,LS411N,1.0
900,Trametinib + Pictilisib,LS411N,1.0
901,Trametinib + SCH772984,LS411N,0.0
902,Trametinib + Taselisib,LS411N,1.0
903,AZD7762 + Cisplatin,LS513,1.0
904,AZD7762 + MK-1775,LS513,1.0
905,Lapatinib + Crizotinib,LS513,1.0
906,Lapatinib + Dabrafenib,LS513,
907,Lapatinib + LGK974,LS513,
908,Lapatinib + Linsitinib,LS513,1.0
909,Lapatinib + MK-2206,LS513,0.0
910,Lapatinib + Navitoclax,LS513,1.0
911,Lapatinib + PD173074,LS513,1.0
912,Lapatinib + Palbociclib,LS513,0.0
913,Lapatinib + Pictilisib,LS513,1.0
914,Lapatinib + Taselisib,LS513,1.0
915,Lapatinib + Trametinib,LS513,1.0
916,MK-1775 + Cisplatin,LS513,1.0
917,MK-1775 + Nutlin-3a (-),LS513,
918,MK-1775 + Pictilisib,LS513,1.0
919,MK-2206 + OSI-027,LS513,1.0
920,Navitoclax + Afatinib,LS513,1.0
921,Navitoclax + Axitinib,LS513,1.0
922,Navitoclax + Taselisib,LS513,1.0
923,Navitoclax + Trametinib,LS513,1.0
924,Nilotinib + Trametinib,LS513,1.0
925,Olaparib + MK-1775,LS513,
926,Taselisib + Afatinib,LS513,1.0
927,Taselisib + LGK974,LS513,
928,Taselisib + Linsitinib,LS513,0.0
929,Taselisib + MK-2206,LS513,1.0
930,Taselisib + Navitoclax,LS513,1.0
931,Taselisib + OSI-027,LS513,1.0
932,Taselisib + Olaparib,LS513,0.0
933,Taselisib + Palbociclib,LS513,0.0
934,Taselisib + Sapitinib,LS513,1.0
935,Taselisib + Trametinib,LS513,1.0
936,Trametinib + Afatinib,LS513,1.0
937,Trametinib + LGK974,LS513,
938,Trametinib + Linsitinib,LS513,1.0
939,Trametinib + MK-2206,LS513,1.0
940,Trametinib + Navitoclax,LS513,1.0
941,Trametinib + Olaparib,LS513,1.0
942,Trametinib + Palbociclib,LS513,
943,Trametinib + Pictilisib,LS513,1.0
944,Trametinib + SCH772984,LS513,
945,Trametinib + Taselisib,LS513,1.0
946,AZD7762 + Cisplatin,MDST8,1.0
947,AZD7762 + MK-1775,MDST8,1.0
948,Lapatinib + Crizotinib,MDST8,1.0
949,Lapatinib + Dabrafenib,MDST8,
950,Lapatinib + LGK974,MDST8,
951,Lapatinib + Linsitinib,MDST8,0.0
952,Lapatinib + MK-2206,MDST8,1.0
953,Lapatinib + Navitoclax,MDST8,1.0
954,Lapatinib + PD173074,MDST8,1.0
955,Lapatinib + Palbociclib,MDST8,0.0
956,Lapatinib + Pictilisib,MDST8,0.0
957,Lapatinib + Taselisib,MDST8,0.0
958,Lapatinib + Trametinib,MDST8,0.0
959,MK-1775 + Cisplatin,MDST8,0.0
960,MK-1775 + Nutlin-3a (-),MDST8,
961,MK-1775 + Pictilisib,MDST8,1.0
962,MK-2206 + OSI-027,MDST8,1.0
963,Navitoclax + Afatinib,MDST8,1.0
964,Navitoclax + Axitinib,MDST8,1.0
965,Navitoclax + Taselisib,MDST8,1.0
966,Navitoclax + Trametinib,MDST8,1.0
967,Nilotinib + Trametinib,MDST8,1.0
968,Olaparib + MK-1775,MDST8,
969,Taselisib + Afatinib,MDST8,0.0
970,Taselisib + LGK974,MDST8,
971,Taselisib + Linsitinib,MDST8,1.0
972,Taselisib + MK-2206,MDST8,0.0
973,Taselisib + Navitoclax,MDST8,1.0
974,Taselisib + OSI-027,MDST8,1.0
975,Taselisib + Olaparib,MDST8,0.0
976,Taselisib + Palbociclib,MDST8,1.0
977,Taselisib + Sapitinib,MDST8,1.0
978,Taselisib + Trametinib,MDST8,1.0
979,Trametinib + Afatinib,MDST8,1.0
980,Trametinib + LGK974,MDST8,
981,Trametinib + Linsitinib,MDST8,1.0
982,Trametinib + MK-2206,MDST8,1.0
983,Trametinib + Navitoclax,MDST8,1.0
984,Trametinib + Olaparib,MDST8,1.0
985,Trametinib + Palbociclib,MDST8,
986,Trametinib + Pictilisib,MDST8,1.0
987,Trametinib + SCH772984,MDST8,
988,Trametinib + Taselisib,MDST8,1.0
989,AZD7762 + Cisplatin,NCIH716,1.0
990,AZD7762 + MK-1775,NCIH716,1.0
991,Lapatinib + Crizotinib,NCIH716,1.0
992,Lapatinib + Dabrafenib,NCIH716,1.0
993,Lapatinib + LGK974,NCIH716,0.0
994,Lapatinib + Linsitinib,NCIH716,0.0
995,Lapatinib + MK-2206,NCIH716,1.0
996,Lapatinib + Navitoclax,NCIH716,0.0
997,Lapatinib + PD173074,NCIH716,0.0
998,Lapatinib + Palbociclib,NCIH716,0.0
999,Lapatinib + Pictilisib,NCIH716,0.0
1000,Lapatinib + Taselisib,NCIH716,1.0
1001,Lapatinib + Trametinib,NCIH716,0.0
1002,MK-1775 + Cisplatin,NCIH716,1.0
1003,MK-1775 + Nutlin-3a (-),NCIH716,1.0
1004,MK-1775 + Pictilisib,NCIH716,1.0
1005,MK-2206 + OSI-027,NCIH716,1.0
1006,Navitoclax + Afatinib,NCIH716,1.0
1007,Navitoclax + Axitinib,NCIH716,1.0
1008,Navitoclax + Taselisib,NCIH716,1.0
1009,Navitoclax + Trametinib,NCIH716,1.0
1010,Nilotinib + Trametinib,NCIH716,1.0
1011,Olaparib + MK-1775,NCIH716,0.0
1012,Taselisib + Afatinib,NCIH716,0.0
1013,Taselisib + LGK974,NCIH716,0.0
1014,Taselisib + Linsitinib,NCIH716,0.0
1015,Taselisib + MK-2206,NCIH716,0.0
1016,Taselisib + Navitoclax,NCIH716,1.0
1017,Taselisib + OSI-027,NCIH716,1.0
1018,Taselisib + Olaparib,NCIH716,0.0
1019,Taselisib + Palbociclib,NCIH716,0.0
1020,Taselisib + Sapitinib,NCIH716,1.0
1021,Taselisib + Trametinib,NCIH716,1.0
1022,Trametinib + Afatinib,NCIH716,1.0
1023,Trametinib + LGK974,NCIH716,1.0
1024,Trametinib + Linsitinib,NCIH716,0.0
1025,Trametinib + MK-2206,NCIH716,1.0
1026,Trametinib + Navitoclax,NCIH716,1.0
1027,Trametinib + Olaparib,NCIH716,0.0
1028,Trametinib + Palbociclib,NCIH716,0.0
1029,Trametinib + Pictilisib,NCIH716,1.0
1030,Trametinib + SCH772984,NCIH716,0.0
1031,Trametinib + Taselisib,NCIH716,1.0
1032,AZD7762 + Cisplatin,NCIH747,1.0
1033,AZD7762 + MK-1775,NCIH747,1.0
1034,Lapatinib + Crizotinib,NCIH747,1.0
1035,Lapatinib + Dabrafenib,NCIH747,1.0
1036,Lapatinib + LGK974,NCIH747,1.0
1037,Lapatinib + Linsitinib,NCIH747,1.0
1038,Lapatinib + MK-2206,NCIH747,1.0
1039,Lapatinib + Navitoclax,NCIH747,1.0
1040,Lapatinib + PD173074,NCIH747,1.0
1041,Lapatinib + Palbociclib,NCIH747,1.0
1042,Lapatinib + Pictilisib,NCIH747,0.0
1043,Lapatinib + Taselisib,NCIH747,1.0
1044,Lapatinib + Trametinib,NCIH747,1.0
1045,MK-1775 + Cisplatin,NCIH747,1.0
1046,MK-1775 + Nutlin-3a (-),NCIH747,1.0
1047,MK-1775 + Pictilisib,NCIH747,1.0
1048,MK-2206 + OSI-027,NCIH747,1.0
1049,Navitoclax + Afatinib,NCIH747,1.0
1050,Navitoclax + Axitinib,NCIH747,1.0
1051,Navitoclax + Taselisib,NCIH747,1.0
1052,Navitoclax + Trametinib,NCIH747,1.0
1053,Nilotinib + Trametinib,NCIH747,0.0
1054,Olaparib + MK-1775,NCIH747,0.0
1055,Taselisib + Afatinib,NCIH747,1.0
1056,Taselisib + LGK974,NCIH747,1.0
1057,Taselisib + Linsitinib,NCIH747,0.0
1058,Taselisib + MK-2206,NCIH747,0.0
1059,Taselisib + Navitoclax,NCIH747,1.0
1060,Taselisib + OSI-027,NCIH747,1.0
1061,Taselisib + Olaparib,NCIH747,1.0
1062,Taselisib + Palbociclib,NCIH747,1.0
1063,Taselisib + Sapitinib,NCIH747,1.0
1064,Taselisib + Trametinib,NCIH747,1.0
1065,Trametinib + Afatinib,NCIH747,1.0
1066,Trametinib + LGK974,NCIH747,1.0
1067,Trametinib + Linsitinib,NCIH747,1.0
1068,Trametinib + MK-2206,NCIH747,1.0
1069,Trametinib + Navitoclax,NCIH747,1.0
1070,Trametinib + Olaparib,NCIH747,1.0
1071,Trametinib + Palbociclib,NCIH747,0.0
1072,Trametinib + Pictilisib,NCIH747,1.0
1073,Trametinib + SCH772984,NCIH747,0.0
1074,Trametinib + Taselisib,NCIH747,1.0
1075,AZD7762 + Cisplatin,RCM1,1.0
1076,AZD7762 + MK-1775,RCM1,1.0
1077,Lapatinib + Crizotinib,RCM1,1.0
1078,Lapatinib + Dabrafenib,RCM1,0.0
1079,Lapatinib + LGK974,RCM1,0.0
1080,Lapatinib + Linsitinib,RCM1,1.0
1081,Lapatinib + MK-2206,RCM1,1.0
1082,Lapatinib + Navitoclax,RCM1,1.0
1083,Lapatinib + PD173074,RCM1,1.0
1084,Lapatinib + Palbociclib,RCM1,0.0
1085,Lapatinib + Pictilisib,RCM1,1.0
1086,Lapatinib + Taselisib,RCM1,1.0
1087,Lapatinib + Trametinib,RCM1,1.0
1088,MK-1775 + Cisplatin,RCM1,1.0
1089,MK-1775 + Nutlin-3a (-),RCM1,1.0
1090,MK-1775 + Pictilisib,RCM1,0.0
1091,MK-2206 + OSI-027,RCM1,0.0
1092,Navitoclax + Afatinib,RCM1,1.0
1093,Navitoclax + Axitinib,RCM1,1.0
1094,Navitoclax + Taselisib,RCM1,1.0
1095,Navitoclax + Trametinib,RCM1,1.0
1096,Nilotinib + Trametinib,RCM1,1.0
1097,Olaparib + MK-1775,RCM1,0.0
1098,Taselisib + Afatinib,RCM1,0.0
1099,Taselisib + LGK974,RCM1,1.0
1100,Taselisib + Linsitinib,RCM1,0.0
1101,Taselisib + MK-2206,RCM1,1.0
1102,Taselisib + Navitoclax,RCM1,0.0
1103,Taselisib + OSI-027,RCM1,0.0
1104,Taselisib + Olaparib,RCM1,1.0
1105,Taselisib + Palbociclib,RCM1,0.0
1106,Taselisib + Sapitinib,RCM1,0.0
1107,Taselisib + Trametinib,RCM1,1.0
1108,Trametinib + Afatinib,RCM1,1.0
1109,Trametinib + LGK974,RCM1,1.0
1110,Trametinib + Linsitinib,RCM1,1.0
1111,Trametinib + MK-2206,RCM1,1.0
1112,Trametinib + Navitoclax,RCM1,1.0
1113,Trametinib + Olaparib,RCM1,1.0
1114,Trametinib + Palbociclib,RCM1,0.0
1115,Trametinib + Pictilisib,RCM1,1.0
1116,Trametinib + SCH772984,RCM1,0.0
1117,Trametinib + Taselisib,RCM1,1.0
1118,AZD7762 + Cisplatin,RKO,1.0
1119,AZD7762 + MK-1775,RKO,1.0
1120,Lapatinib + Crizotinib,RKO,1.0
1121,Lapatinib + Dabrafenib,RKO,0.0
1122,Lapatinib + LGK974,RKO,0.0
1123,Lapatinib + Linsitinib,RKO,1.0
1124,Lapatinib + MK-2206,RKO,1.0
1125,Lapatinib + Navitoclax,RKO,1.0
1126,Lapatinib + PD173074,RKO,1.0
1127,Lapatinib + Palbociclib,RKO,0.0
1128,Lapatinib + Pictilisib,RKO,1.0
1129,Lapatinib + Taselisib,RKO,1.0
1130,Lapatinib + Trametinib,RKO,1.0
1131,MK-1775 + Cisplatin,RKO,1.0
1132,MK-1775 + Nutlin-3a (-),RKO,1.0
1133,MK-1775 + Pictilisib,RKO,1.0
1134,MK-2206 + OSI-027,RKO,1.0
1135,Navitoclax + Afatinib,RKO,1.0
1136,Navitoclax + Axitinib,RKO,1.0
1137,Navitoclax + Taselisib,RKO,1.0
1138,Navitoclax + Trametinib,RKO,1.0
1139,Nilotinib + Trametinib,RKO,1.0
1140,Olaparib + MK-1775,RKO,1.0
1141,Taselisib + Afatinib,RKO,1.0
1142,Taselisib + LGK974,RKO,0.0
1143,Taselisib + Linsitinib,RKO,1.0
1144,Taselisib + MK-2206,RKO,0.0
1145,Taselisib + Navitoclax,RKO,0.0
1146,Taselisib + OSI-027,RKO,1.0
1147,Taselisib + Olaparib,RKO,1.0
1148,Taselisib + Palbociclib,RKO,1.0
1149,Taselisib + Sapitinib,RKO,1.0
1150,Taselisib + Trametinib,RKO,1.0
1151,Trametinib + Afatinib,RKO,1.0
1152,Trametinib + LGK974,RKO,1.0
1153,Trametinib + Linsitinib,RKO,1.0
1154,Trametinib + MK-2206,RKO,1.0
1155,Trametinib + Navitoclax,RKO,1.0
1156,Trametinib + Olaparib,RKO,1.0
1157,Trametinib + Palbociclib,RKO,1.0
1158,Trametinib + Pictilisib,RKO,1.0
1159,Trametinib + SCH772984,RKO,0.0
1160,Trametinib + Taselisib,RKO,1.0
1161,AZD7762 + Cisplatin,SKCO1,1.0
1162,AZD7762 + MK-1775,SKCO1,1.0
1163,Lapatinib + Crizotinib,SKCO1,1.0
1164,Lapatinib + Dabrafenib,SKCO1,0.0
1165,Lapatinib + LGK974,SKCO1,0.0
1166,Lapatinib + Linsitinib,SKCO1,1.0
1167,Lapatinib + MK-2206,SKCO1,1.0
1168,Lapatinib + Navitoclax,SKCO1,1.0
1169,Lapatinib + PD173074,SKCO1,1.0
1170,Lapatinib + Palbociclib,SKCO1,1.0
1171,Lapatinib + Pictilisib,SKCO1,1.0
1172,Lapatinib + Taselisib,SKCO1,1.0
1173,Lapatinib + Trametinib,SKCO1,1.0
1174,MK-1775 + Cisplatin,SKCO1,0.0
1175,MK-1775 + Nutlin-3a (-),SKCO1,0.0
1176,MK-1775 + Pictilisib,SKCO1,0.0
1177,MK-2206 + OSI-027,SKCO1,0.0
1178,Navitoclax + Afatinib,SKCO1,1.0
1179,Navitoclax + Axitinib,SKCO1,1.0
1180,Navitoclax + Taselisib,SKCO1,1.0
1181,Navitoclax + Trametinib,SKCO1,1.0
1182,Nilotinib + Trametinib,SKCO1,1.0
1183,Olaparib + MK-1775,SKCO1,0.0
1184,Taselisib + Afatinib,SKCO1,1.0
1185,Taselisib + LGK974,SKCO1,0.0
1186,Taselisib + Linsitinib,SKCO1,0.0
1187,Taselisib + MK-2206,SKCO1,0.0
1188,Taselisib + Navitoclax,SKCO1,1.0
1189,Taselisib + OSI-027,SKCO1,0.0
1190,Taselisib + Olaparib,SKCO1,0.0
1191,Taselisib + Palbociclib,SKCO1,1.0
1192,Taselisib + Sapitinib,SKCO1,1.0
1193,Taselisib + Trametinib,SKCO1,1.0
1194,Trametinib + Afatinib,SKCO1,1.0
1195,Trametinib + LGK974,SKCO1,1.0
1196,Trametinib + Linsitinib,SKCO1,1.0
1197,Trametinib + MK-2206,SKCO1,1.0
1198,Trametinib + Navitoclax,SKCO1,1.0
1199,Trametinib + Olaparib,SKCO1,0.0
1200,Trametinib + Palbociclib,SKCO1,1.0
1201,Trametinib + Pictilisib,SKCO1,1.0
1202,Trametinib + SCH772984,SKCO1,0.0
1203,Trametinib + Taselisib,SKCO1,1.0
1204,AZD7762 + Cisplatin,SNU175,0.0
1205,AZD7762 + MK-1775,SNU175,1.0
1206,Lapatinib + Crizotinib,SNU175,1.0
1207,Lapatinib + Dabrafenib,SNU175,0.0
1208,Lapatinib + LGK974,SNU175,0.0
1209,Lapatinib + Linsitinib,SNU175,1.0
1210,Lapatinib + MK-2206,SNU175,1.0
1211,Lapatinib + Navitoclax,SNU175,1.0
1212,Lapatinib + PD173074,SNU175,1.0
1213,Lapatinib + Palbociclib,SNU175,0.0
1214,Lapatinib + Pictilisib,SNU175,0.0
1215,Lapatinib + Taselisib,SNU175,0.0
1216,Lapatinib + Trametinib,SNU175,0.0
1217,MK-1775 + Cisplatin,SNU175,1.0
1218,MK-1775 + Nutlin-3a (-),SNU175,0.0
1219,MK-1775 + Pictilisib,SNU175,1.0
1220,MK-2206 + OSI-027,SNU175,1.0
1221,Navitoclax + Afatinib,SNU175,1.0
1222,Navitoclax + Axitinib,SNU175,1.0
1223,Navitoclax + Taselisib,SNU175,1.0
1224,Navitoclax + Trametinib,SNU175,1.0
1225,Nilotinib + Trametinib,SNU175,0.0
1226,Olaparib + MK-1775,SNU175,0.0
1227,Taselisib + Afatinib,SNU175,0.0
1228,Taselisib + LGK974,SNU175,1.0
1229,Taselisib + Linsitinib,SNU175,0.0
1230,Taselisib + MK-2206,SNU175,0.0
1231,Taselisib + Navitoclax,SNU175,1.0
1232,Taselisib + OSI-027,SNU175,1.0
1233,Taselisib + Olaparib,SNU175,0.0
1234,Taselisib + Palbociclib,SNU175,0.0
1235,Taselisib + Sapitinib,SNU175,0.0
1236,Taselisib + Trametinib,SNU175,1.0
1237,Trametinib + Afatinib,SNU175,0.0
1238,Trametinib + LGK974,SNU175,0.0
1239,Trametinib + Linsitinib,SNU175,1.0
1240,Trametinib + MK-2206,SNU175,0.0
1241,Trametinib + Navitoclax,SNU175,1.0
1242,Trametinib + Olaparib,SNU175,1.0
1243,Trametinib + Palbociclib,SNU175,0.0
1244,Trametinib + Pictilisib,SNU175,1.0
1245,Trametinib + SCH772984,SNU175,0.0
1246,Trametinib + Taselisib,SNU175,0.0
1247,AZD7762 + Cisplatin,SNU407,1.0
1248,AZD7762 + MK-1775,SNU407,1.0
1249,Lapatinib + Crizotinib,SNU407,1.0
1250,Lapatinib + Dabrafenib,SNU407,
1251,Lapatinib + LGK974,SNU407,
1252,Lapatinib + Linsitinib,SNU407,1.0
1253,Lapatinib + MK-2206,SNU407,1.0
1254,Lapatinib + Navitoclax,SNU407,1.0
1255,Lapatinib + PD173074,SNU407,1.0
1256,Lapatinib + Palbociclib,SNU407,1.0
1257,Lapatinib + Pictilisib,SNU407,1.0
1258,Lapatinib + Taselisib,SNU407,1.0
1259,Lapatinib + Trametinib,SNU407,1.0
1260,MK-1775 + Cisplatin,SNU407,1.0
1261,MK-1775 + Nutlin-3a (-),SNU407,
1262,MK-1775 + Pictilisib,SNU407,1.0
1263,MK-2206 + OSI-027,SNU407,1.0
1264,Navitoclax + Afatinib,SNU407,0.0
1265,Navitoclax + Axitinib,SNU407,1.0
1266,Navitoclax + Taselisib,SNU407,1.0
1267,Navitoclax + Trametinib,SNU407,0.0
1268,Nilotinib + Trametinib,SNU407,1.0
1269,Olaparib + MK-1775,SNU407,
1270,Taselisib + Afatinib,SNU407,1.0
1271,Taselisib + LGK974,SNU407,
1272,Taselisib + Linsitinib,SNU407,1.0
1273,Taselisib + MK-2206,SNU407,0.0
1274,Taselisib + Navitoclax,SNU407,1.0
1275,Taselisib + OSI-027,SNU407,1.0
1276,Taselisib + Olaparib,SNU407,1.0
1277,Taselisib + Palbociclib,SNU407,1.0
1278,Taselisib + Sapitinib,SNU407,1.0
1279,Taselisib + Trametinib,SNU407,1.0
1280,Trametinib + Afatinib,SNU407,1.0
1281,Trametinib + LGK974,SNU407,
1282,Trametinib + Linsitinib,SNU407,1.0
1283,Trametinib + MK-2206,SNU407,1.0
1284,Trametinib + Navitoclax,SNU407,1.0
1285,Trametinib + Olaparib,SNU407,1.0
1286,Trametinib + Palbociclib,SNU407,
1287,Trametinib + Pictilisib,SNU407,1.0
1288,Trametinib + SCH772984,SNU407,
1289,Trametinib + Taselisib,SNU407,1.0
1290,AZD7762 + Cisplatin,SNU61,1.0
1291,AZD7762 + MK-1775,SNU61,1.0
1292,Lapatinib + Crizotinib,SNU61,1.0
1293,Lapatinib + Dabrafenib,SNU61,
1294,Lapatinib + LGK974,SNU61,
1295,Lapatinib + Linsitinib,SNU61,0.0
1296,Lapatinib + MK-2206,SNU61,1.0
1297,Lapatinib + Navitoclax,SNU61,0.0
1298,Lapatinib + PD173074,SNU61,1.0
1299,Lapatinib + Palbociclib,SNU61,1.0
1300,Lapatinib + Pictilisib,SNU61,1.0
1301,Lapatinib + Taselisib,SNU61,0.0
1302,Lapatinib + Trametinib,SNU61,1.0
1303,MK-1775 + Cisplatin,SNU61,1.0
1304,MK-1775 + Nutlin-3a (-),SNU61,
1305,MK-1775 + Pictilisib,SNU61,1.0
1306,MK-2206 + OSI-027,SNU61,0.0
1307,Navitoclax + Afatinib,SNU61,1.0
1308,Navitoclax + Axitinib,SNU61,1.0
1309,Navitoclax + Taselisib,SNU61,1.0
1310,Navitoclax + Trametinib,SNU61,1.0
1311,Nilotinib + Trametinib,SNU61,1.0
1312,Olaparib + MK-1775,SNU61,
1313,Taselisib + Afatinib,SNU61,1.0
1314,Taselisib + LGK974,SNU61,
1315,Taselisib + Linsitinib,SNU61,0.0
1316,Taselisib + MK-2206,SNU61,0.0
1317,Taselisib + Navitoclax,SNU61,1.0
1318,Taselisib + OSI-027,SNU61,1.0
1319,Taselisib + Olaparib,SNU61,0.0
1320,Taselisib + Palbociclib,SNU61,1.0
1321,Taselisib + Sapitinib,SNU61,0.0
1322,Taselisib + Trametinib,SNU61,1.0
1323,Trametinib + Afatinib,SNU61,1.0
1324,Trametinib + LGK974,SNU61,
1325,Trametinib + Linsitinib,SNU61,0.0
1326,Trametinib + MK-2206,SNU61,1.0
1327,Trametinib + Navitoclax,SNU61,1.0
1328,Trametinib + Olaparib,SNU61,1.0
1329,Trametinib + Palbociclib,SNU61,
1330,Trametinib + Pictilisib,SNU61,1.0
1331,Trametinib + SCH772984,SNU61,
1332,Trametinib + Taselisib,SNU61,1.0
1333,AZD7762 + Cisplatin,SNUC1,1.0
1334,AZD7762 + MK-1775,SNUC1,1.0
1335,Lapatinib + Crizotinib,SNUC1,1.0
1336,Lapatinib + Dabrafenib,SNUC1,0.0
1337,Lapatinib + LGK974,SNUC1,0.0
1338,Lapatinib + Linsitinib,SNUC1,1.0
1339,Lapatinib + MK-2206,SNUC1,1.0
1340,Lapatinib + Navitoclax,SNUC1,1.0
1341,Lapatinib + PD173074,SNUC1,1.0
1342,Lapatinib + Palbociclib,SNUC1,1.0
1343,Lapatinib + Pictilisib,SNUC1,1.0
1344,Lapatinib + Taselisib,SNUC1,1.0
1345,Lapatinib + Trametinib,SNUC1,1.0
1346,MK-1775 + Cisplatin,SNUC1,1.0
1347,MK-1775 + Nutlin-3a (-),SNUC1,1.0
1348,MK-1775 + Pictilisib,SNUC1,1.0
1349,MK-2206 + OSI-027,SNUC1,1.0
1350,Navitoclax + Afatinib,SNUC1,0.0
1351,Navitoclax + Axitinib,SNUC1,0.0
1352,Navitoclax + Taselisib,SNUC1,1.0
1353,Navitoclax + Trametinib,SNUC1,
1354,Nilotinib + Trametinib,SNUC1,0.0
1355,Olaparib + MK-1775,SNUC1,0.0
1356,Taselisib + Afatinib,SNUC1,1.0
1357,Taselisib + LGK974,SNUC1,1.0
1358,Taselisib + Linsitinib,SNUC1,1.0
1359,Taselisib + MK-2206,SNUC1,1.0
1360,Taselisib + Navitoclax,SNUC1,1.0
1361,Taselisib + OSI-027,SNUC1,1.0
1362,Taselisib + Olaparib,SNUC1,0.0
1363,Taselisib + Palbociclib,SNUC1,1.0
1364,Taselisib + Sapitinib,SNUC1,1.0
1365,Taselisib + Trametinib,SNUC1,1.0
1366,Trametinib + Afatinib,SNUC1,0.0
1367,Trametinib + LGK974,SNUC1,0.0
1368,Trametinib + Linsitinib,SNUC1,1.0
1369,Trametinib + MK-2206,SNUC1,1.0
1370,Trametinib + Navitoclax,SNUC1,1.0
1371,Trametinib + Olaparib,SNUC1,1.0
1372,Trametinib + Palbociclib,SNUC1,1.0
1373,Trametinib + Pictilisib,SNUC1,1.0
1374,Trametinib + SCH772984,SNUC1,0.0
1375,Trametinib + Taselisib,SNUC1,1.0
1376,AZD7762 + Cisplatin,SNUC2B,1.0
1377,AZD7762 + MK-1775,SNUC2B,1.0
1378,Lapatinib + Crizotinib,SNUC2B,1.0
1379,Lapatinib + Dabrafenib,SNUC2B,1.0
1380,Lapatinib + LGK974,SNUC2B,0.0
1381,Lapatinib + Linsitinib,SNUC2B,1.0
1382,Lapatinib + MK-2206,SNUC2B,1.0
1383,Lapatinib + Navitoclax,SNUC2B,1.0
1384,Lapatinib + PD173074,SNUC2B,1.0
1385,Lapatinib + Palbociclib,SNUC2B,0.0
1386,Lapatinib + Pictilisib,SNUC2B,0.0
1387,Lapatinib + Taselisib,SNUC2B,0.0
1388,Lapatinib + Trametinib,SNUC2B,0.0
1389,MK-1775 + Cisplatin,SNUC2B,1.0
1390,MK-1775 + Nutlin-3a (-),SNUC2B,1.0
1391,MK-1775 + Pictilisib,SNUC2B,0.0
1392,MK-2206 + OSI-027,SNUC2B,1.0
1393,Navitoclax + Afatinib,SNUC2B,1.0
1394,Navitoclax + Axitinib,SNUC2B,1.0
1395,Navitoclax + Taselisib,SNUC2B,1.0
1396,Navitoclax + Trametinib,SNUC2B,0.0
1397,Nilotinib + Trametinib,SNUC2B,0.0
1398,Olaparib + MK-1775,SNUC2B,0.0
1399,Taselisib + Afatinib,SNUC2B,1.0
1400,Taselisib + LGK974,SNUC2B,1.0
1401,Taselisib + Linsitinib,SNUC2B,0.0
1402,Taselisib + MK-2206,SNUC2B,0.0
1403,Taselisib + Navitoclax,SNUC2B,1.0
1404,Taselisib + OSI-027,SNUC2B,1.0
1405,Taselisib + Olaparib,SNUC2B,0.0
1406,Taselisib + Palbociclib,SNUC2B,0.0
1407,Taselisib + Sapitinib,SNUC2B,0.0
1408,Taselisib + Trametinib,SNUC2B,1.0
1409,Trametinib + Afatinib,SNUC2B,0.0
1410,Trametinib + LGK974,SNUC2B,0.0
1411,Trametinib + Linsitinib,SNUC2B,0.0
1412,Trametinib + MK-2206,SNUC2B,1.0
1413,Trametinib + Navitoclax,SNUC2B,1.0
1414,Trametinib + Olaparib,SNUC2B,0.0
1415,Trametinib + Palbociclib,SNUC2B,0.0
1416,Trametinib + Pictilisib,SNUC2B,1.0
1417,Trametinib + SCH772984,SNUC2B,0.0
1418,Trametinib + Taselisib,SNUC2B,1.0
1419,AZD7762 + Cisplatin,SNUC5,1.0
1420,AZD7762 + MK-1775,SNUC5,1.0
1421,Lapatinib + Crizotinib,SNUC5,1.0
1422,Lapatinib + Dabrafenib,SNUC5,1.0
1423,Lapatinib + LGK974,SNUC5,0.0
1424,Lapatinib + Linsitinib,SNUC5,1.0
1425,Lapatinib + MK-2206,SNUC5,1.0
1426,Lapatinib + Navitoclax,SNUC5,1.0
1427,Lapatinib + PD173074,SNUC5,1.0
1428,Lapatinib + Palbociclib,SNUC5,1.0
1429,Lapatinib + Pictilisib,SNUC5,0.0
1430,Lapatinib + Taselisib,SNUC5,1.0
1431,Lapatinib + Trametinib,SNUC5,1.0
1432,MK-1775 + Cisplatin,SNUC5,1.0
1433,MK-1775 + Nutlin-3a (-),SNUC5,1.0
1434,MK-1775 + Pictilisib,SNUC5,1.0
1435,MK-2206 + OSI-027,SNUC5,1.0
1436,Navitoclax + Afatinib,SNUC5,0.0
1437,Navitoclax + Axitinib,SNUC5,1.0
1438,Navitoclax + Taselisib,SNUC5,1.0
1439,Navitoclax + Trametinib,SNUC5,0.0
1440,Nilotinib + Trametinib,SNUC5,0.0
1441,Olaparib + MK-1775,SNUC5,0.0
1442,Taselisib + Afatinib,SNUC5,0.0
1443,Taselisib + LGK974,SNUC5,1.0
1444,Taselisib + Linsitinib,SNUC5,1.0
1445,Taselisib + MK-2206,SNUC5,0.0
1446,Taselisib + Navitoclax,SNUC5,1.0
1447,Taselisib + OSI-027,SNUC5,1.0
1448,Taselisib + Olaparib,SNUC5,1.0
1449,Taselisib + Palbociclib,SNUC5,1.0
1450,Taselisib + Sapitinib,SNUC5,1.0
1451,Taselisib + Trametinib,SNUC5,1.0
1452,Trametinib + Afatinib,SNUC5,1.0
1453,Trametinib + LGK974,SNUC5,0.0
1454,Trametinib + Linsitinib,SNUC5,0.0
1455,Trametinib + MK-2206,SNUC5,1.0
1456,Trametinib + Navitoclax,SNUC5,1.0
1457,Trametinib + Olaparib,SNUC5,1.0
1458,Trametinib + Palbociclib,SNUC5,0.0
1459,Trametinib + Pictilisib,SNUC5,1.0
1460,Trametinib + SCH772984,SNUC5,0.0
1461,Trametinib + Taselisib,SNUC5,1.0
1462,AZD7762 + Cisplatin,SW1116,1.0
1463,AZD7762 + MK-1775,SW1116,1.0
1464,Lapatinib + Crizotinib,SW1116,1.0
1465,Lapatinib + Dabrafenib,SW1116,1.0
1466,Lapatinib + LGK974,SW1116,0.0
1467,Lapatinib + Linsitinib,SW1116,1.0
1468,Lapatinib + MK-2206,SW1116,1.0
1469,Lapatinib + Navitoclax,SW1116,1.0
1470,Lapatinib + PD173074,SW1116,1.0
1471,Lapatinib + Palbociclib,SW1116,1.0
1472,Lapatinib + Pictilisib,SW1116,0.0
1473,Lapatinib + Taselisib,SW1116,1.0
1474,Lapatinib + Trametinib,SW1116,1.0
1475,MK-1775 + Cisplatin,SW1116,1.0
1476,MK-1775 + Nutlin-3a (-),SW1116,1.0
1477,MK-1775 + Pictilisib,SW1116,1.0
1478,MK-2206 + OSI-027,SW1116,1.0
1479,Navitoclax + Afatinib,SW1116,1.0
1480,Navitoclax + Axitinib,SW1116,1.0
1481,Navitoclax + Taselisib,SW1116,1.0
1482,Navitoclax + Trametinib,SW1116,1.0
1483,Nilotinib + Trametinib,SW1116,1.0
1484,Olaparib + MK-1775,SW1116,0.0
1485,Taselisib + Afatinib,SW1116,1.0
1486,Taselisib + LGK974,SW1116,0.0
1487,Taselisib + Linsitinib,SW1116,0.0
1488,Taselisib + MK-2206,SW1116,0.0
1489,Taselisib + Navitoclax,SW1116,1.0
1490,Taselisib + OSI-027,SW1116,1.0
1491,Taselisib + Olaparib,SW1116,1.0
1492,Taselisib + Palbociclib,SW1116,1.0
1493,Taselisib + Sapitinib,SW1116,1.0
1494,Taselisib + Trametinib,SW1116,1.0
1495,Trametinib + Afatinib,SW1116,1.0
1496,Trametinib + LGK974,SW1116,0.0
1497,Trametinib + Linsitinib,SW1116,1.0
1498,Trametinib + MK-2206,SW1116,1.0
1499,Trametinib + Navitoclax,SW1116,1.0
1500,Trametinib + Olaparib,SW1116,1.0
1501,Trametinib + Palbociclib,SW1116,1.0
1502,Trametinib + Pictilisib,SW1116,1.0
1503,Trametinib + SCH772984,SW1116,1.0
1504,Trametinib + Taselisib,SW1116,1.0
1505,AZD7762 + Cisplatin,SW1417,1.0
1506,AZD7762 + MK-1775,SW1417,0.0
1507,Lapatinib + Crizotinib,SW1417,1.0
1508,Lapatinib + Dabrafenib,SW1417,1.0
1509,Lapatinib + LGK974,SW1417,0.0
1510,Lapatinib + Linsitinib,SW1417,1.0
1511,Lapatinib + MK-2206,SW1417,1.0
1512,Lapatinib + Navitoclax,SW1417,
1513,Lapatinib + PD173074,SW1417,1.0
1514,Lapatinib + Palbociclib,SW1417,0.0
1515,Lapatinib + Pictilisib,SW1417,1.0
1516,Lapatinib + Taselisib,SW1417,0.0
1517,Lapatinib + Trametinib,SW1417,1.0
1518,MK-1775 + Cisplatin,SW1417,1.0
1519,MK-1775 + Nutlin-3a (-),SW1417,1.0
1520,MK-1775 + Pictilisib,SW1417,1.0
1521,MK-2206 + OSI-027,SW1417,1.0
1522,Navitoclax + Afatinib,SW1417,1.0
1523,Navitoclax + Axitinib,SW1417,1.0
1524,Navitoclax + Taselisib,SW1417,0.0
1525,Navitoclax + Trametinib,SW1417,1.0
1526,Nilotinib + Trametinib,SW1417,0.0
1527,Olaparib + MK-1775,SW1417,0.0
1528,Taselisib + Afatinib,SW1417,1.0
1529,Taselisib + LGK974,SW1417,0.0
1530,Taselisib + Linsitinib,SW1417,0.0
1531,Taselisib + MK-2206,SW1417,0.0
1532,Taselisib + Navitoclax,SW1417,
1533,Taselisib + OSI-027,SW1417,1.0
1534,Taselisib + Olaparib,SW1417,0.0
1535,Taselisib + Palbociclib,SW1417,1.0
1536,Taselisib + Sapitinib,SW1417,1.0
1537,Taselisib + Trametinib,SW1417,0.0
1538,Trametinib + Afatinib,SW1417,1.0
1539,Trametinib + LGK974,SW1417,0.0
1540,Trametinib + Linsitinib,SW1417,0.0
1541,Trametinib + MK-2206,SW1417,0.0
1542,Trametinib + Navitoclax,SW1417,
1543,Trametinib + Olaparib,SW1417,0.0
1544,Trametinib + Palbociclib,SW1417,0.0
1545,Trametinib + Pictilisib,SW1417,0.0
1546,Trametinib + SCH772984,SW1417,0.0
1547,Trametinib + Taselisib,SW1417,0.0
1548,AZD7762 + Cisplatin,SW1463,1.0
1549,AZD7762 + MK-1775,SW1463,1.0
1550,Lapatinib + Crizotinib,SW1463,1.0
1551,Lapatinib + Dabrafenib,SW1463,1.0
1552,Lapatinib + LGK974,SW1463,0.0
1553,Lapatinib + Linsitinib,SW1463,1.0
1554,Lapatinib + MK-2206,SW1463,1.0
1555,Lapatinib + Navitoclax,SW1463,1.0
1556,Lapatinib + PD173074,SW1463,1.0
1557,Lapatinib + Palbociclib,SW1463,0.0
1558,Lapatinib + Pictilisib,SW1463,1.0
1559,Lapatinib + Taselisib,SW1463,1.0
1560,Lapatinib + Trametinib,SW1463,1.0
1561,MK-1775 + Cisplatin,SW1463,1.0
1562,MK-1775 + Nutlin-3a (-),SW1463,1.0
1563,MK-1775 + Pictilisib,SW1463,1.0
1564,MK-2206 + OSI-027,SW1463,1.0
1565,Navitoclax + Afatinib,SW1463,1.0
1566,Navitoclax + Axitinib,SW1463,1.0
1567,Navitoclax + Taselisib,SW1463,1.0
1568,Navitoclax + Trametinib,SW1463,1.0
1569,Nilotinib + Trametinib,SW1463,1.0
1570,Olaparib + MK-1775,SW1463,1.0
1571,Taselisib + Afatinib,SW1463,1.0
1572,Taselisib + LGK974,SW1463,1.0
1573,Taselisib + Linsitinib,SW1463,1.0
1574,Taselisib + MK-2206,SW1463,1.0
1575,Taselisib + Navitoclax,SW1463,1.0
1576,Taselisib + OSI-027,SW1463,1.0
1577,Taselisib + Olaparib,SW1463,0.0
1578,Taselisib + Palbociclib,SW1463,0.0
1579,Taselisib + Sapitinib,SW1463,1.0
1580,Taselisib + Trametinib,SW1463,1.0
1581,Trametinib + Afatinib,SW1463,1.0
1582,Trametinib + LGK974,SW1463,0.0
1583,Trametinib + Linsitinib,SW1463,1.0
1584,Trametinib + MK-2206,SW1463,1.0
1585,Trametinib + Navitoclax,SW1463,1.0
1586,Trametinib + Olaparib,SW1463,1.0
1587,Trametinib + Palbociclib,SW1463,0.0
1588,Trametinib + Pictilisib,SW1463,1.0
1589,Trametinib + SCH772984,SW1463,1.0
1590,Trametinib + Taselisib,SW1463,1.0
1591,AZD7762 + Cisplatin,SW48,1.0
1592,AZD7762 + MK-1775,SW48,1.0
1593,Lapatinib + Crizotinib,SW48,1.0
1594,Lapatinib + Dabrafenib,SW48,0.0
1595,Lapatinib + LGK974,SW48,0.0
1596,Lapatinib + Linsitinib,SW48,1.0
1597,Lapatinib + MK-2206,SW48,1.0
1598,Lapatinib + Navitoclax,SW48,1.0
1599,Lapatinib + PD173074,SW48,1.0
1600,Lapatinib + Palbociclib,SW48,0.0
1601,Lapatinib + Pictilisib,SW48,1.0
1602,Lapatinib + Taselisib,SW48,1.0
1603,Lapatinib + Trametinib,SW48,1.0
1604,MK-1775 + Cisplatin,SW48,1.0
1605,MK-1775 + Nutlin-3a (-),SW48,0.0
1606,MK-1775 + Pictilisib,SW48,1.0
1607,MK-2206 + OSI-027,SW48,1.0
1608,Navitoclax + Afatinib,SW48,1.0
1609,Navitoclax + Axitinib,SW48,1.0
1610,Navitoclax + Taselisib,SW48,1.0
1611,Navitoclax + Trametinib,SW48,1.0
1612,Nilotinib + Trametinib,SW48,1.0
1613,Olaparib + MK-1775,SW48,0.0
1614,Taselisib + Afatinib,SW48,0.0
1615,Taselisib + LGK974,SW48,1.0
1616,Taselisib + Linsitinib,SW48,0.0
1617,Taselisib + MK-2206,SW48,0.0
1618,Taselisib + Navitoclax,SW48,1.0
1619,Taselisib + OSI-027,SW48,1.0
1620,Taselisib + Olaparib,SW48,1.0
1621,Taselisib + Palbociclib,SW48,1.0
1622,Taselisib + Sapitinib,SW48,0.0
1623,Taselisib + Trametinib,SW48,1.0
1624,Trametinib + Afatinib,SW48,1.0
1625,Trametinib + LGK974,SW48,0.0
1626,Trametinib + Linsitinib,SW48,1.0
1627,Trametinib + MK-2206,SW48,1.0
1628,Trametinib + Navitoclax,SW48,1.0
1629,Trametinib + Olaparib,SW48,1.0
1630,Trametinib + Palbociclib,SW48,1.0
1631,Trametinib + Pictilisib,SW48,1.0
1632,Trametinib + SCH772984,SW48,0.0
1633,Trametinib + Taselisib,SW48,1.0
1634,AZD7762 + Cisplatin,SW620,1.0
1635,AZD7762 + MK-1775,SW620,1.0
1636,Lapatinib + Crizotinib,SW620,0.0
1637,Lapatinib + Dabrafenib,SW620,0.0
1638,Lapatinib + LGK974,SW620,0.0
1639,Lapatinib + Linsitinib,SW620,0.0
1640,Lapatinib + MK-2206,SW620,1.0
1641,Lapatinib + Navitoclax,SW620,0.0
1642,Lapatinib + PD173074,SW620,0.0
1643,Lapatinib + Palbociclib,SW620,0.0
1644,Lapatinib + Pictilisib,SW620,0.0
1645,Lapatinib + Taselisib,SW620,0.0
1646,Lapatinib + Trametinib,SW620,0.0
1647,MK-1775 + Cisplatin,SW620,1.0
1648,MK-1775 + Nutlin-3a (-),SW620,1.0
1649,MK-1775 + Pictilisib,SW620,1.0
1650,MK-2206 + OSI-027,SW620,1.0
1651,Navitoclax + Afatinib,SW620,1.0
1652,Navitoclax + Axitinib,SW620,1.0
1653,Navitoclax + Taselisib,SW620,1.0
1654,Navitoclax + Trametinib,SW620,1.0
1655,Nilotinib + Trametinib,SW620,0.0
1656,Olaparib + MK-1775,SW620,0.0
1657,Taselisib + Afatinib,SW620,1.0
1658,Taselisib + LGK974,SW620,0.0
1659,Taselisib + Linsitinib,SW620,0.0
1660,Taselisib + MK-2206,SW620,1.0
1661,Taselisib + Navitoclax,SW620,1.0
1662,Taselisib + OSI-027,SW620,1.0
1663,Taselisib + Olaparib,SW620,0.0
1664,Taselisib + Palbociclib,SW620,1.0
1665,Taselisib + Sapitinib,SW620,0.0
1666,Taselisib + Trametinib,SW620,1.0
1667,Trametinib + Afatinib,SW620,0.0
1668,Trametinib + LGK974,SW620,0.0
1669,Trametinib + Linsitinib,SW620,1.0
1670,Trametinib + MK-2206,SW620,1.0
1671,Trametinib + Navitoclax,SW620,1.0
1672,Trametinib + Olaparib,SW620,0.0
1673,Trametinib + Palbociclib,SW620,0.0
1674,Trametinib + Pictilisib,SW620,1.0
1675,Trametinib + SCH772984,SW620,0.0
1676,Trametinib + Taselisib,SW620,1.0
1677,AZD7762 + Cisplatin,SW626,1.0
1678,AZD7762 + MK-1775,SW626,1.0
1679,Lapatinib + Crizotinib,SW626,0.0
1680,Lapatinib + Dabrafenib,SW626,0.0
1681,Lapatinib + LGK974,SW626,0.0
1682,Lapatinib + Linsitinib,SW626,0.0
1683,Lapatinib + MK-2206,SW626,1.0
1684,Lapatinib + Navitoclax,SW626,0.0
1685,Lapatinib + PD173074,SW626,1.0
1686,Lapatinib + Palbociclib,SW626,0.0
1687,Lapatinib + Pictilisib,SW626,0.0
1688,Lapatinib + Taselisib,SW626,0.0
1689,Lapatinib + Trametinib,SW626,0.0
1690,MK-1775 + Cisplatin,SW626,1.0
1691,MK-1775 + Nutlin-3a (-),SW626,1.0
1692,MK-1775 + Pictilisib,SW626,0.0
1693,MK-2206 + OSI-027,SW626,1.0
1694,Navitoclax + Afatinib,SW626,1.0
1695,Navitoclax + Axitinib,SW626,1.0
1696,Navitoclax + Taselisib,SW626,0.0
1697,Navitoclax + Trametinib,SW626,0.0
1698,Nilotinib + Trametinib,SW626,1.0
1699,Olaparib + MK-1775,SW626,1.0
1700,Taselisib + Afatinib,SW626,1.0
1701,Taselisib + LGK974,SW626,1.0
1702,Taselisib + Linsitinib,SW626,0.0
1703,Taselisib + MK-2206,SW626,1.0
1704,Taselisib + Navitoclax,SW626,1.0
1705,Taselisib + OSI-027,SW626,1.0
1706,Taselisib + Olaparib,SW626,1.0
1707,Taselisib + Palbociclib,SW626,1.0
1708,Taselisib + Sapitinib,SW626,1.0
1709,Taselisib + Trametinib,SW626,1.0
1710,Trametinib + Afatinib,SW626,1.0
1711,Trametinib + LGK974,SW626,0.0
1712,Trametinib + Linsitinib,SW626,1.0
1713,Trametinib + MK-2206,SW626,1.0
1714,Trametinib + Navitoclax,SW626,1.0
1715,Trametinib + Olaparib,SW626,1.0
1716,Trametinib + Palbociclib,SW626,0.0
1717,Trametinib + Pictilisib,SW626,1.0
1718,Trametinib + SCH772984,SW626,0.0
1719,Trametinib + Taselisib,SW626,1.0
1720,AZD7762 + Cisplatin,SW837,1.0
1721,AZD7762 + MK-1775,SW837,1.0
1722,Lapatinib + Crizotinib,SW837,0.0
1723,Lapatinib + Dabrafenib,SW837,0.0
1724,Lapatinib + LGK974,SW837,0.0
1725,Lapatinib + Linsitinib,SW837,1.0
1726,Lapatinib + MK-2206,SW837,1.0
1727,Lapatinib + Navitoclax,SW837,1.0
1728,Lapatinib + PD173074,SW837,1.0
1729,Lapatinib + Palbociclib,SW837,0.0
1730,Lapatinib + Pictilisib,SW837,1.0
1731,Lapatinib + Taselisib,SW837,1.0
1732,Lapatinib + Trametinib,SW837,1.0
1733,MK-1775 + Cisplatin,SW837,1.0
1734,MK-1775 + Nutlin-3a (-),SW837,1.0
1735,MK-1775 + Pictilisib,SW837,1.0
1736,MK-2206 + OSI-027,SW837,1.0
1737,Navitoclax + Afatinib,SW837,1.0
1738,Navitoclax + Axitinib,SW837,1.0
1739,Navitoclax + Taselisib,SW837,1.0
1740,Navitoclax + Trametinib,SW837,1.0
1741,Nilotinib + Trametinib,SW837,1.0
1742,Olaparib + MK-1775,SW837,1.0
1743,Taselisib + Afatinib,SW837,1.0
1744,Taselisib + LGK974,SW837,0.0
1745,Taselisib + Linsitinib,SW837,0.0
1746,Taselisib + MK-2206,SW837,1.0
1747,Taselisib + Navitoclax,SW837,1.0
1748,Taselisib + OSI-027,SW837,1.0
1749,Taselisib + Olaparib,SW837,1.0
1750,Taselisib + Palbociclib,SW837,1.0
1751,Taselisib + Sapitinib,SW837,0.0
1752,Taselisib + Trametinib,SW837,1.0
1753,Trametinib + Afatinib,SW837,1.0
1754,Trametinib + LGK974,SW837,0.0
1755,Trametinib + Linsitinib,SW837,1.0
1756,Trametinib + MK-2206,SW837,1.0
1757,Trametinib + Navitoclax,SW837,1.0
1758,Trametinib + Olaparib,SW837,1.0
1759,Trametinib + Palbociclib,SW837,1.0
1760,Trametinib + Pictilisib,SW837,1.0
1761,Trametinib + SCH772984,SW837,0.0
1762,Trametinib + Taselisib,SW837,1.0
1763,AZD7762 + Cisplatin,SW948,1.0
1764,AZD7762 + MK-1775,SW948,1.0
1765,Lapatinib + Crizotinib,SW948,1.0
1766,Lapatinib + Dabrafenib,SW948,0.0
1767,Lapatinib + LGK974,SW948,0.0
1768,Lapatinib + Linsitinib,SW948,1.0
1769,Lapatinib + MK-2206,SW948,1.0
1770,Lapatinib + Navitoclax,SW948,1.0
1771,Lapatinib + PD173074,SW948,1.0
1772,Lapatinib + Palbociclib,SW948,0.0
1773,Lapatinib + Pictilisib,SW948,0.0
1774,Lapatinib + Taselisib,SW948,1.0
1775,Lapatinib + Trametinib,SW948,1.0
1776,MK-1775 + Cisplatin,SW948,1.0
1777,MK-1775 + Nutlin-3a (-),SW948,1.0
1778,MK-1775 + Pictilisib,SW948,1.0
1779,MK-2206 + OSI-027,SW948,1.0
1780,Navitoclax + Afatinib,SW948,1.0
1781,Navitoclax + Axitinib,SW948,1.0
1782,Navitoclax + Taselisib,SW948,1.0
1783,Navitoclax + Trametinib,SW948,1.0
1784,Nilotinib + Trametinib,SW948,1.0
1785,Olaparib + MK-1775,SW948,1.0
1786,Taselisib + Afatinib,SW948,1.0
1787,Taselisib + LGK974,SW948,1.0
1788,Taselisib + Linsitinib,SW948,1.0
1789,Taselisib + MK-2206,SW948,1.0
1790,Taselisib + Navitoclax,SW948,1.0
1791,Taselisib + OSI-027,SW948,1.0
1792,Taselisib + Olaparib,SW948,0.0
1793,Taselisib + Palbociclib,SW948,1.0
1794,Taselisib + Sapitinib,SW948,1.0
1795,Taselisib + Trametinib,SW948,1.0
1796,Trametinib + Afatinib,SW948,1.0
1797,Trametinib + LGK974,SW948,1.0
1798,Trametinib + Linsitinib,SW948,1.0
1799,Trametinib + MK-2206,SW948,1.0
1800,Trametinib + Navitoclax,SW948,1.0
1801,Trametinib + Olaparib,SW948,0.0
1802,Trametinib + Palbociclib,SW948,1.0
1803,Trametinib + Pictilisib,SW948,1.0
1804,Trametinib + SCH772984,SW948,1.0
1805,Trametinib + Taselisib,SW948,1.0
1806,AZD7762 + Cisplatin,T84,1.0
1807,AZD7762 + MK-1775,T84,1.0
1808,Lapatinib + Crizotinib,T84,1.0
1809,Lapatinib + Dabrafenib,T84,1.0
1810,Lapatinib + LGK974,T84,0.0
1811,Lapatinib + Linsitinib,T84,1.0
1812,Lapatinib + MK-2206,T84,1.0
1813,Lapatinib + Navitoclax,T84,1.0
1814,Lapatinib + PD173074,T84,1.0
1815,Lapatinib + Palbociclib,T84,0.0
1816,Lapatinib + Pictilisib,T84,1.0
1817,Lapatinib + Taselisib,T84,1.0
1818,Lapatinib + Trametinib,T84,0.0
1819,MK-1775 + Cisplatin,T84,1.0
1820,MK-1775 + Nutlin-3a (-),T84,1.0
1821,MK-1775 + Pictilisib,T84,0.0
1822,MK-2206 + OSI-027,T84,1.0
1823,Navitoclax + Afatinib,T84,1.0
1824,Navitoclax + Axitinib,T84,1.0
1825,Navitoclax + Taselisib,T84,1.0
1826,Navitoclax + Trametinib,T84,1.0
1827,Nilotinib + Trametinib,T84,1.0
1828,Olaparib + MK-1775,T84,0.0
1829,Taselisib + Afatinib,T84,1.0
1830,Taselisib + LGK974,T84,0.0
1831,Taselisib + Linsitinib,T84,1.0
1832,Taselisib + MK-2206,T84,1.0
1833,Taselisib + Navitoclax,T84,1.0
1834,Taselisib + OSI-027,T84,1.0
1835,Taselisib + Olaparib,T84,1.0
1836,Taselisib + Palbociclib,T84,0.0
1837,Taselisib + Sapitinib,T84,1.0
1838,Taselisib + Trametinib,T84,1.0
1839,Trametinib + Afatinib,T84,1.0
1840,Trametinib + LGK974,T84,0.0
1841,Trametinib + Linsitinib,T84,1.0
1842,Trametinib + MK-2206,T84,1.0
1843,Trametinib + Navitoclax,T84,1.0
1844,Trametinib + Olaparib,T84,1.0
1845,Trametinib + Palbociclib,T84,0.0
1846,Trametinib + Pictilisib,T84,1.0
1847,Trametinib + SCH772984,T84,0.0
1848,Trametinib + Taselisib,T84,1.0
